Id,name,email,manager_id,manager_name,manager_email,team,designation,phone_number
1,Siddharth Gokhale,Siddharth.G@example.com,580,Isaiah Atwal,Isaiah.A@example.com,Software Engineering,Staff Engineer,05569591644
2,Aashi Manne,Aashi.M@example.com,904,Irya Vaidya,Irya.V@example.com,Software Engineering,Engineer,02555304933
3,Yachana Gour,Yachana.G@example.com,356,Vyanjana Sarraf,Vyanjana.S@example.com,Cloud,Staff Engineer,4404751464
4,Shaurya Tailor,Shaurya.T@example.com,444,Fiyaz Majumdar,Fiyaz.M@example.com,People Group,Professional,6823198678
5,Vanya Mukhopadhyay,Vanya.M@example.com,663,Naksh Reddy,Naksh.R@example.com,Opus Group,Intern,00428520526
6,Tanveer Manne,Tanveer.M@example.com,443,Chandran Patel,Chandran.P@example.com,Cloud,Senior Professional,+919180637933
7,Falguni Kannan,Falguni.K@example.com,774,Vincent Sehgal,Vincent.S@example.com,Application,Intern,+912632921251
8,Zayan Bhakta,Zayan.B@example.com,30,Ishani Menon,Ishani.M@example.com,Framework,Engineer,6766644606
9,Harinakshi Deep,Harinakshi.D@example.com,732,Netra Soni,Netra.S@example.com,Framework,Professional,00653770988
10,Anika Khosla,Anika.K@example.com,342,Aishani Dhingra,Aishani.D@example.com,B2B,Engineer,7332406960
11,Lakshit Gole,Lakshit.G@example.com,22,Caleb Sur,Caleb.S@example.com,SWPL,Staff Engineer,0261193738
12,Zinal Ramesh,Zinal.R@example.com,4,Yug Tailor,Yug.T@example.com,People Group,Senior Professional,+914244249200
13,Falguni Kala,Falguni.K@example.com,514,Niharika Tella,Niharika.T@example.com,System,Staff Engineer,08859441590
14,Sai Pandit,Sai.P@example.com,877,Panini Sarma,Panini.S@example.com,Visual Solution,Senior Professional,+910357414129
15,Brinda Raghavan,Brinda.R@example.com,970,Bina Loyal,Bina.L@example.com,Framework,Senior Professional,9340564852
16,Rishi Sehgal,Rishi.S@example.com,593,Balhaar Gera,Balhaar.G@example.com,Business Management Group,Senior Professional,3844595495
17,Ikbal Misra,Ikbal.M@example.com,597,Meera Doshi,Meera.D@example.com,Digital Health,Staff Engineer,04467806715
18,Devansh Parekh,Devansh.P@example.com,820,Advika Anne,Advika.A@example.com,System,Professional,5047586469
19,Madhavi Pau,Madhavi.P@example.com,275,Gagan Bhavsar,Gagan.B@example.com,Business Management Group,Intern,1680127400
20,Chaitanya Om,Chaitanya.O@example.com,248,Ethan Pradhan,Ethan.P@example.com,People Group,Senior Professional,03167034103
21,Onveer Seshadri,Onveer.S@example.com,256,Finn Batra,Finn.B@example.com,CP,Professional,05303163804
22,Atharv Grewal,Atharv.G@example.com,242,Meghana Ray,Meghana.R@example.com,B2B,Professional,04271291584
23,Krishna Choudhry,Krishna.C@example.com,102,Amol Balasubramanian,Amol.B@example.com,Cloud,Engineer,4008293502
24,Ucchal Wason,Ucchal.W@example.com,570,Gaurangi Batra,Gaurangi.B@example.com,System,Staff Engineer,00342369542
25,Jagdish Ravel,Jagdish.R@example.com,198,Yash Oza,Yash.O@example.com,Visual Solution,Professional,08372791969
26,Dalaja Srinivasan,Dalaja.S@example.com,996,Vasudha Dua,Vasudha.D@example.com,Application,Staff Engineer,00688348669
27,Damini Virk,Damini.V@example.com,911,Janani Rattan,Janani.R@example.com,Opus Group,Staff Engineer,+913433559621
28,Meera Chokshi,Meera.C@example.com,229,Devika Doshi,Devika.D@example.com,System,Intern,+918555459983
29,Triveni Goswami,Triveni.G@example.com,350,Aarna Sarna,Aarna.S@example.com,Framework,Professional,+910815208454
30,Advika Chhabra,Advika.C@example.com,276,Jeevika Kanda,Jeevika.K@example.com,Business Management Group,Engineer,5180070716
31,Arjun Oak,Arjun.O@example.com,346,Neha Chauhan,Neha.C@example.com,Application,Intern,+919446083969
32,Manbir Gaba,Manbir.G@example.com,361,Rajeshri Handa,Rajeshri.H@example.com,Artificial Intelligence,Senior Professional,06098151013
33,Fitan Yohannan,Fitan.Y@example.com,661,Girik Dyal,Girik.D@example.com,Software Engineering,Staff Engineer,4367833593
34,Zayan Saha,Zayan.S@example.com,737,Kala Kade,Kala.K@example.com,Artificial Intelligence,Professional,04279514257
35,Omya Bhalla,Omya.B@example.com,283,Indali Raja,Indali.R@example.com,Digital Health,Senior Professional,4508261958
36,Noah Ratti,Noah.R@example.com,919,Suhani Parikh,Suhani.P@example.com,B2B,Senior Professional,7869062909
37,Aadhya Aurora,Aadhya.A@example.com,660,Tristan Palla,Tristan.P@example.com,B2B,Intern,02047248962
38,Hredhaan Mani,Hredhaan.M@example.com,958,Veda Shenoy,Veda.S@example.com,Framework,Professional,6794017068
39,Isaiah Kannan,Isaiah.K@example.com,802,Lucky Bassi,Lucky.B@example.com,Software Engineering,Staff Engineer,8490123376
40,Faris Narayan,Faris.N@example.com,33,Rachit Tata,Rachit.T@example.com,Opus Group,Staff Engineer,0584237915
41,Rushil Koshy,Rushil.K@example.com,702,Hitesh Samra,Hitesh.S@example.com,Application,Senior Professional,7780740753
42,Bhavya Raj,Bhavya.R@example.com,340,Bhavani Deep,Bhavani.D@example.com,Artificial Intelligence,Intern,6911075070
43,Unni Murthy,Unni.M@example.com,853,Yashvi Sekhon,Yashvi.S@example.com,Opus Group,Staff Engineer,00385596912
44,Rachana Chand,Rachana.C@example.com,89,Ayush Hayre,Ayush.H@example.com,Business Management Group,Intern,+913757811351
45,Maanas Virk,Maanas.V@example.com,680,Pallavi Mohanty,Pallavi.M@example.com,People Group,Intern,+914587680511
46,Omaja Malhotra,Omaja.M@example.com,141,Shivansh Mahajan,Shivansh.M@example.com,Framework,Staff Engineer,4064188340
47,Teerth Ben,Teerth.B@example.com,552,Leela Murty,Leela.M@example.com,SWPL,Staff Engineer,01539143997
48,Bakhshi Ram,Bakhshi.R@example.com,647,Yutika Devi,Yutika.D@example.com,People Group,Staff Engineer,07233183425
49,Parth Bera,Parth.B@example.com,768,Naveen Nayak,Naveen.N@example.com,B2B,Intern,0840571953
50,Chandani Goel,Chandani.G@example.com,355,Vasudha Choudhury,Vasudha.C@example.com,SQE,Staff Engineer,08398671323
51,Luke Oommen,Luke.O@example.com,170,Yashoda Loke,Yashoda.L@example.com,Software Engineering,Engineer,3226257151
52,Nandini Upadhyay,Nandini.U@example.com,582,Chavvi Devi,Chavvi.D@example.com,Cloud,Senior Professional,04786878912
53,Vrishti Tella,Vrishti.T@example.com,350,Nandini Ganguly,Nandini.G@example.com,Digital Health,Professional,4094802189
54,Suhani Chanda,Suhani.C@example.com,445,David Bhakta,David.B@example.com,Digital Health,Staff Engineer,+918647533827
55,Viraj More,Viraj.M@example.com,339,Gayathri Mital,Gayathri.M@example.com,Business Management Group,Professional,5534001892
56,Gunbir Dada,Gunbir.D@example.com,139,Sai Saxena,Sai.S@example.com,Opus Group,Senior Professional,+916356474665
57,Rehaan Zachariah,Rehaan.Z@example.com,618,Ishani Sodhi,Ishani.S@example.com,Application,Intern,04725853852
58,Isaac Raja,Isaac.R@example.com,246,Triya Salvi,Triya.S@example.com,B2B,Staff Engineer,00398130113
59,Baghyawati Mohan,Baghyawati.M@example.com,646,Xiti Parekh,Xiti.P@example.com,SWPL,Professional,+915804250062
60,Dhriti Sahota,Dhriti.S@example.com,981,Kalpit Nadig,Kalpit.N@example.com,B2B,Senior Professional,+911626642504
61,Advik Parekh,Advik.P@example.com,572,Finn Lad,Finn.L@example.com,Artificial Intelligence,Engineer,02882357928
62,Pallavi Dass,Pallavi.D@example.com,831,Yahvi Goel,Yahvi.G@example.com,B2B,Professional,+913425254740
63,Ekaja Varughese,Ekaja.V@example.com,533,Harinakshi Mistry,Harinakshi.M@example.com,SQE,Intern,7487406371
64,Rishi Lad,Rishi.L@example.com,421,Falguni Patil,Falguni.P@example.com,Software Engineering,Intern,5391365373
65,Siddharth Thakur,Siddharth.T@example.com,296,Nathaniel Arora,Nathaniel.A@example.com,Artificial Intelligence,Staff Engineer,6775486317
66,Lekha Murthy,Lekha.M@example.com,455,Ekavir Sem,Ekavir.S@example.com,Cloud,Senior Professional,+913347557997
67,Meera Sekhon,Meera.S@example.com,707,Thomas Issac,Thomas.I@example.com,Technology Strategy Group,Senior Professional,6474392210
68,Ojasvi De,Ojasvi.D@example.com,852,Rachit Varma,Rachit.V@example.com,CP,Professional,09172640974
69,Sneha Kannan,Sneha.K@example.com,467,Anthony Sagar,Anthony.S@example.com,Artificial Intelligence,Engineer,00054679428
70,Abha Mukhopadhyay,Abha.M@example.com,233,Osha Chaudhry,Osha.C@example.com,SQE,Staff Engineer,+919545711309
71,Warjas Mangat,Warjas.M@example.com,652,Aditya Sood,Aditya.S@example.com,B2B,Staff Engineer,08142678183
72,Tara Bali,Tara.B@example.com,208,Theodore Sen,Theodore.S@example.com,Software Engineering,Intern,09093179077
73,Anvi Pai,Anvi.P@example.com,663,Pooja Sen,Pooja.S@example.com,B2B,Professional,+917742614900
74,Kalpit Banik,Kalpit.B@example.com,6,Vasana Verma,Vasana.V@example.com,Visual Solution,Senior Professional,+916741971215
75,Chakradhar Setty,Chakradhar.S@example.com,281,Rushil Raja,Rushil.R@example.com,Opus Group,Intern,05078341340
76,Omkaar Saraf,Omkaar.S@example.com,975,Ishani Bhalla,Ishani.B@example.com,B2B,Professional,06148441953
77,Niharika Mishra,Niharika.M@example.com,207,Ishaan Gandhi,Ishaan.G@example.com,Cloud,Staff Engineer,9229387136
78,Girik Chaudhari,Girik.C@example.com,714,Om Sant,Om.S@example.com,System,Professional,05758790507
79,Chaman Swamy,Chaman.S@example.com,723,Omisha Bhandari,Omisha.B@example.com,People Group,Staff Engineer,6923109813
80,Fariq Shan,Fariq.S@example.com,179,Radha Konda,Radha.K@example.com,Cloud,Senior Professional,07235191415
81,Abeer Sabharwal,Abeer.S@example.com,158,Lohit Khosla,Lohit.K@example.com,System,Senior Professional,06068408898
82,Ishaan Wali,Ishaan.W@example.com,275,Krish Borra,Krish.B@example.com,Framework,Staff Engineer,00560250580
83,Oviya Konda,Oviya.K@example.com,218,Vritti Mody,Vritti.M@example.com,CP,Senior Professional,07475424687
84,Parth Mohanty,Parth.M@example.com,70,Vedant Saha,Vedant.S@example.com,Cloud,Engineer,+910504776051
85,Vedant Walia,Vedant.W@example.com,753,Joshua Sachdeva,Joshua.S@example.com,Business Management Group,Professional,3047751223
86,Anirudh Balay,Anirudh.B@example.com,434,Ladli Sabharwal,Ladli.S@example.com,Artificial Intelligence,Engineer,7453040211
87,Harita Walia,Harita.W@example.com,124,Widisha Hans,Widisha.H@example.com,System,Senior Professional,+911336659912
88,Rehaan Rajagopal,Rehaan.R@example.com,149,Samuel Saran,Samuel.S@example.com,System,Senior Professional,03836888944
89,Unni Rana,Unni.R@example.com,719,Vedika Golla,Vedika.G@example.com,Framework,Senior Professional,05520429942
90,Chakrika Wali,Chakrika.W@example.com,180,Faras Hari,Faras.H@example.com,SWPL,Staff Engineer,6851107280
91,Daksh More,Daksh.M@example.com,395,Hritik Badami,Hritik.B@example.com,SWPL,Engineer,+911603317244
92,Upadhriti Sharaf,Upadhriti.S@example.com,111,Bhavani Lal,Bhavani.L@example.com,Digital Health,Senior Professional,08489186197
93,Ladli Thaker,Ladli.T@example.com,661,Chandran Balakrishnan,Chandran.B@example.com,Framework,Engineer,3698418133
94,Ekaraj Patel,Ekaraj.P@example.com,924,Radha Vyas,Radha.V@example.com,Framework,Staff Engineer,01408565838
95,Vaishnavi Dube,Vaishnavi.D@example.com,774,Garima Kulkarni,Garima.K@example.com,Framework,Professional,+911327654180
96,Dominic Madan,Dominic.M@example.com,529,Dhriti Bassi,Dhriti.B@example.com,Business Management Group,Staff Engineer,2923551382
97,Damini Khatri,Damini.K@example.com,747,Amruta Memon,Amruta.M@example.com,Technology Strategy Group,Staff Engineer,09983346304
98,Manan Goswami,Manan.G@example.com,706,Omya Sehgal,Omya.S@example.com,Digital Health,Senior Professional,+916296424306
99,Ojas Thakur,Ojas.T@example.com,765,Advaith Chand,Advaith.C@example.com,Software Engineering,Engineer,3351140660
100,Laksh Contractor,Laksh.C@example.com,794,Raagini Behl,Raagini.B@example.com,Cloud,Intern,+914781746516
101,Azaan Gour,Azaan.G@example.com,949,Osha Koshy,Osha.K@example.com,CP,Professional,09777978889
102,Indali Sarna,Indali.S@example.com,874,Qabil Arya,Qabil.A@example.com,Application,Engineer,+913647537747
103,Bhavya Krish,Bhavya.K@example.com,234,Jacob Lata,Jacob.L@example.com,Business Management Group,Professional,+915301507015
104,Chakradev Bobal,Chakradev.B@example.com,114,Nathan Mahajan,Nathan.M@example.com,People Group,Senior Professional,6070323710
105,Pallavi Goda,Pallavi.G@example.com,727,Tejas Rau,Tejas.R@example.com,System,Senior Professional,03738973512
106,Isaiah Chakrabarti,Isaiah.C@example.com,589,Geetika Sha,Geetika.S@example.com,Artificial Intelligence,Engineer,2611980594
107,Atharv Kari,Atharv.K@example.com,330,Isaac Mishra,Isaac.M@example.com,Software Engineering,Professional,+915166982957
108,Advaith Srinivas,Advaith.S@example.com,665,Caleb Prabhakar,Caleb.P@example.com,Opus Group,Engineer,3463727310
109,Dominic Gala,Dominic.G@example.com,627,Theodore Sehgal,Theodore.S@example.com,Application,Senior Professional,09881829545
110,Upkaar Bakshi,Upkaar.B@example.com,393,Faras Bedi,Faras.B@example.com,Cloud,Senior Professional,00867650638
111,Imaran Borah,Imaran.B@example.com,649,Janaki Sahota,Janaki.S@example.com,Artificial Intelligence,Intern,5155705670
112,Ansh Bahl,Ansh.B@example.com,99,Falan Mani,Falan.M@example.com,System,Engineer,09679882132
113,Onveer Kapoor,Onveer.K@example.com,806,Sara Virk,Sara.V@example.com,Visual Solution,Intern,02882368235
114,Orinder Shenoy,Orinder.S@example.com,747,Reva Apte,Reva.A@example.com,Framework,Professional,0098619746
115,Jasmit Sampath,Jasmit.S@example.com,276,Siya Merchant,Siya.M@example.com,B2B,Intern,+916873895723
116,Tanmayi Dutta,Tanmayi.D@example.com,984,Anvi Dubey,Anvi.D@example.com,Opus Group,Staff Engineer,+916755083457
117,Reva Hayer,Reva.H@example.com,868,Arya Behl,Arya.B@example.com,SQE,Engineer,07699862534
118,Jack Dyal,Jack.D@example.com,146,Rayaan Dhar,Rayaan.D@example.com,Artificial Intelligence,Engineer,7117226571
119,Logan Singhal,Logan.S@example.com,254,Urmi Lanka,Urmi.L@example.com,Cloud,Engineer,9217331473
120,Bimala Mahal,Bimala.M@example.com,433,David Nigam,David.N@example.com,Framework,Engineer,8089312892
121,Eiravati Datta,Eiravati.D@example.com,532,Andrew Bassi,Andrew.B@example.com,Business Management Group,Engineer,+914198588374
122,Banjeet Vaidya,Banjeet.V@example.com,847,Ubika Gara,Ubika.G@example.com,CP,Intern,3689200740
123,Caleb Iyer,Caleb.I@example.com,946,Vedika Kunda,Vedika.K@example.com,Technology Strategy Group,Professional,1733655189
124,Dominic Varughese,Dominic.V@example.com,251,Edhitha Sawhney,Edhitha.S@example.com,Digital Health,Engineer,1820184605
125,Manya Munshi,Manya.M@example.com,475,Eta Munshi,Eta.M@example.com,Framework,Engineer,2543509261
126,Varenya Goda,Varenya.G@example.com,687,Jhalak Mane,Jhalak.M@example.com,B2B,Intern,+911506348962
127,Champak Oommen,Champak.O@example.com,62,Anjali Magar,Anjali.M@example.com,SQE,Senior Professional,+916604261811
128,Harrison Setty,Harrison.S@example.com,215,Ijaya Sant,Ijaya.S@example.com,People Group,Engineer,5830675023
129,Nachiket Tripathi,Nachiket.T@example.com,610,Reyansh Srivastava,Reyansh.S@example.com,System,Staff Engineer,+919395033357
130,Irya Murthy,Irya.M@example.com,229,Christopher Cherian,Christopher.C@example.com,SQE,Staff Engineer,3366087289
131,Krishna Loyal,Krishna.L@example.com,443,Faris Yohannan,Faris.Y@example.com,Business Management Group,Professional,9923793895
132,Tanvi Balan,Tanvi.B@example.com,675,Arjun Sawhney,Arjun.S@example.com,Opus Group,Intern,0291765107
133,Ishani Dubey,Ishani.D@example.com,638,Ati Sangha,Ati.S@example.com,People Group,Professional,09244432463
134,Dalaja Lanka,Dalaja.L@example.com,511,Jeevika Hayer,Jeevika.H@example.com,Digital Health,Engineer,2370665516
135,Elijah Mahajan,Elijah.M@example.com,278,Jai Dani,Jai.D@example.com,CP,Professional,05360317477
136,Arjun Shan,Arjun.S@example.com,421,Pranit Sama,Pranit.S@example.com,People Group,Intern,06696317953
137,Madhav Venkatesh,Madhav.V@example.com,905,Jeet Bora,Jeet.B@example.com,Opus Group,Staff Engineer,3885357856
138,William Raghavan,William.R@example.com,517,Tristan Parikh,Tristan.P@example.com,Software Engineering,Engineer,5484697636
139,Ronith Nath,Ronith.N@example.com,737,Praneel Dutt,Praneel.D@example.com,Technology Strategy Group,Senior Professional,+919039424816
140,Jagdish Sachar,Jagdish.S@example.com,287,Nihal Sharaf,Nihal.S@example.com,B2B,Senior Professional,06862156237
141,Ikshita Tandon,Ikshita.T@example.com,541,Hardik Manne,Hardik.M@example.com,System,Intern,03131180035
142,Pratyush Lala,Pratyush.L@example.com,855,Rayaan Aggarwal,Rayaan.A@example.com,Cloud,Intern,04151451988
143,Brinda Kibe,Brinda.K@example.com,495,Charan Hari,Charan.H@example.com,SWPL,Intern,+910203840385
144,Wyatt Banerjee,Wyatt.B@example.com,262,Ladli Pandya,Ladli.P@example.com,SQE,Intern,03537157515
145,Arin Bawa,Arin.B@example.com,655,Sneha Aggarwal,Sneha.A@example.com,Framework,Professional,+917085011602
146,Daniel Palla,Daniel.P@example.com,879,Sachi Parmar,Sachi.P@example.com,Software Engineering,Senior Professional,6314273508
147,Nilima Cheema,Nilima.C@example.com,276,Darika Ben,Darika.B@example.com,Business Management Group,Senior Professional,+912932359255
148,Chakrika Saini,Chakrika.S@example.com,258,Chandran Puri,Chandran.P@example.com,SQE,Staff Engineer,+917417548196
149,Isha Tata,Isha.T@example.com,775,Reva Raman,Reva.R@example.com,People Group,Professional,1928624305
150,Aarush Balan,Aarush.B@example.com,986,Yutika Sane,Yutika.S@example.com,Software Engineering,Intern,1374333782
151,Nachiket Parmer,Nachiket.P@example.com,194,Vaishnavi Bath,Vaishnavi.B@example.com,Application,Staff Engineer,00152161877
152,Kashish Mitra,Kashish.M@example.com,761,Vedant Wali,Vedant.W@example.com,Artificial Intelligence,Intern,+914109295105
153,Megha Puri,Megha.P@example.com,717,Pahal Dugal,Pahal.D@example.com,SWPL,Intern,06877161113
154,Aahana Madan,Aahana.M@example.com,196,Keya Gokhale,Keya.G@example.com,SWPL,Staff Engineer,7155529963
155,Reyansh Sahota,Reyansh.S@example.com,574,Indrajit Khatri,Indrajit.K@example.com,Cloud,Senior Professional,04443805561
156,Yamini Pandya,Yamini.P@example.com,869,Jeevika Wali,Jeevika.W@example.com,Business Management Group,Engineer,0374430895
157,Anvi Gokhale,Anvi.G@example.com,871,Ati Krishnan,Ati.K@example.com,Digital Health,Staff Engineer,5087578523
158,Rachana Wagle,Rachana.W@example.com,94,Ekanta Chanda,Ekanta.C@example.com,Framework,Professional,+913573703604
159,Gunbir Kaur,Gunbir.K@example.com,56,Veer Mukherjee,Veer.M@example.com,Artificial Intelligence,Staff Engineer,08436578112
160,Fariq Vyas,Fariq.V@example.com,437,Qushi Malhotra,Qushi.M@example.com,People Group,Engineer,9489778856
161,Chakradev Joshi,Chakradev.J@example.com,485,Gauri Balay,Gauri.B@example.com,Visual Solution,Intern,08242091289
162,Waida Kari,Waida.K@example.com,825,David Murthy,David.M@example.com,Business Management Group,Intern,01187027057
163,Rayaan Sane,Rayaan.S@example.com,274,Jhalak Mannan,Jhalak.M@example.com,System,Staff Engineer,+913926615461
164,Samar Dora,Samar.D@example.com,535,Indali Pandey,Indali.P@example.com,B2B,Intern,+916138213572
165,Abeer Sur,Abeer.S@example.com,468,Falak Rout,Falak.R@example.com,Digital Health,Engineer,02944306451
166,Qadim Sagar,Qadim.S@example.com,492,Radhika Dutt,Radhika.D@example.com,Technology Strategy Group,Intern,+910067303807
167,Zaitra Tripathi,Zaitra.T@example.com,150,Baghyawati Bumb,Baghyawati.B@example.com,Cloud,Senior Professional,+914981328971
168,Yashvi Jani,Yashvi.J@example.com,713,Warinder Gala,Warinder.G@example.com,SQE,Staff Engineer,+913795634179
169,Ekavir Menon,Ekavir.M@example.com,310,Bhanumati Dar,Bhanumati.D@example.com,People Group,Staff Engineer,02527137353
170,Logan Som,Logan.S@example.com,666,Chatura Toor,Chatura.T@example.com,Framework,Engineer,+917197218562
171,Bhavya Handa,Bhavya.H@example.com,253,Rushil Malhotra,Rushil.M@example.com,Application,Staff Engineer,+919091549131
172,Lipika Gaba,Lipika.G@example.com,491,Aradhana Batta,Aradhana.B@example.com,Cloud,Intern,03230479133
173,Dhriti Kala,Dhriti.K@example.com,213,Balveer Badami,Balveer.B@example.com,Business Management Group,Professional,5438422776
174,Osha Kapoor,Osha.K@example.com,933,Sathvik Palla,Sathvik.P@example.com,People Group,Staff Engineer,00015476447
175,Ishani Jhaveri,Ishani.J@example.com,513,Vrinda Tella,Vrinda.T@example.com,SWPL,Intern,00817761577
176,Raksha Memon,Raksha.M@example.com,26,Arjun Agate,Arjun.A@example.com,B2B,Intern,06459050026
177,Ridhi Bora,Ridhi.B@example.com,802,Jagrati Wali,Jagrati.W@example.com,Opus Group,Professional,5494396616
178,Tristan Loyal,Tristan.L@example.com,899,Wazir Pau,Wazir.P@example.com,Business Management Group,Professional,+910566142314
179,Ishwar Rana,Ishwar.R@example.com,636,Bhavani Lala,Bhavani.L@example.com,Technology Strategy Group,Professional,0810313040
180,Lakshit Jha,Lakshit.J@example.com,395,Ekbal Anand,Ekbal.A@example.com,Cloud,Engineer,1711687638
181,Saumya Din,Saumya.D@example.com,966,Mekhala Dalal,Mekhala.D@example.com,Cloud,Senior Professional,05814415410
182,Akshay Venkataraman,Akshay.V@example.com,418,Ayushman Sarraf,Ayushman.S@example.com,SQE,Senior Professional,4206252511
183,Advik Dewan,Advik.D@example.com,79,Tamanna Sankaran,Tamanna.S@example.com,Software Engineering,Senior Professional,09217313531
184,Ayush Peri,Ayush.P@example.com,380,Arunima Chana,Arunima.C@example.com,Framework,Professional,9963192202
185,Watika Kari,Watika.K@example.com,298,Chameli Aurora,Chameli.A@example.com,System,Professional,6475250854
186,Kavya Dewan,Kavya.D@example.com,72,Mitesh Pandit,Mitesh.P@example.com,Cloud,Professional,07033383793
187,Hema Venkataraman,Hema.V@example.com,366,Quincy D’Alia,Quincy.D@example.com,B2B,Engineer,0829132590
188,Samuel Aurora,Samuel.A@example.com,774,Bhavna Golla,Bhavna.G@example.com,Opus Group,Intern,5399728461
189,Isaac Srivastava,Isaac.S@example.com,764,Fitan Kuruvilla,Fitan.K@example.com,Framework,Intern,05875308509
190,Samarth Barad,Samarth.B@example.com,788,Amara Choudhary,Amara.C@example.com,Visual Solution,Professional,+913186626560
191,Urishilla Rao,Urishilla.R@example.com,743,Yauvani Sodhi,Yauvani.S@example.com,Visual Solution,Engineer,+914056932036
192,Logan Sahni,Logan.S@example.com,403,Riya Lata,Riya.L@example.com,Framework,Intern,+910768826255
193,Jagrati Grewal,Jagrati.G@example.com,451,Victor Vaidya,Victor.V@example.com,Opus Group,Engineer,+917054123911
194,Chaitaly Bera,Chaitaly.B@example.com,813,Vritti Minhas,Vritti.M@example.com,People Group,Professional,+915284683038
195,Isaiah Narayanan,Isaiah.N@example.com,275,Radha Kamdar,Radha.K@example.com,Artificial Intelligence,Engineer,+913006502372
196,Hemal Kurian,Hemal.K@example.com,347,Leena Ravel,Leena.R@example.com,Software Engineering,Professional,+919804266799
197,Suhani Oommen,Suhani.O@example.com,34,Vidhi Deep,Vidhi.D@example.com,Framework,Engineer,06399064087
198,Jatin Sarin,Jatin.S@example.com,54,Aarini Sani,Aarini.S@example.com,Framework,Engineer,08389697413
199,Madhav Verma,Madhav.V@example.com,981,Omkaar Atwal,Omkaar.A@example.com,Cloud,Professional,+912237646742
200,Inaya Merchant,Inaya.M@example.com,653,Jyoti Desai,Jyoti.D@example.com,Technology Strategy Group,Staff Engineer,04280227726
201,Tanish Dalal,Tanish.D@example.com,112,Varenya Halder,Varenya.H@example.com,Technology Strategy Group,Engineer,09679941707
202,Praneel Palla,Praneel.P@example.com,349,Advik Parmer,Advik.P@example.com,B2B,Intern,00796488813
203,Anthony Bora,Anthony.B@example.com,704,Turvi Vyas,Turvi.V@example.com,Cloud,Intern,9793334572
204,Shivansh Tella,Shivansh.T@example.com,615,Anjali Hegde,Anjali.H@example.com,CP,Senior Professional,6100209399
205,Indrajit Halder,Indrajit.H@example.com,102,Jagat Yohannan,Jagat.Y@example.com,Visual Solution,Engineer,9692285114
206,Devansh Kumer,Devansh.K@example.com,510,Krisha Kari,Krisha.K@example.com,Opus Group,Engineer,07135628233
207,Faraj Nori,Faraj.N@example.com,422,Sai Bhandari,Sai.B@example.com,Framework,Professional,+919671866379
208,Vyanjana Oak,Vyanjana.O@example.com,968,Shivansh Natarajan,Shivansh.N@example.com,Business Management Group,Engineer,+914930996408
209,Amaira Tandon,Amaira.T@example.com,345,Upadhriti Desai,Upadhriti.D@example.com,Digital Health,Staff Engineer,07329640144
210,Xavier Koshy,Xavier.K@example.com,475,Wriddhish Raju,Wriddhish.R@example.com,Software Engineering,Intern,08463854379
211,Dayamai Tak,Dayamai.T@example.com,468,Madhavi Rastogi,Madhavi.R@example.com,Artificial Intelligence,Professional,4409219614
212,Gabriel Bobal,Gabriel.B@example.com,859,Jairaj Kulkarni,Jairaj.K@example.com,CP,Professional,01631507827
213,Dipta Chhabra,Dipta.C@example.com,189,Ekavir Comar,Ekavir.C@example.com,People Group,Engineer,+913344916526
214,Daniel Chad,Daniel.C@example.com,13,Lekha Hora,Lekha.H@example.com,Technology Strategy Group,Engineer,02451293564
215,Xalak Pathak,Xalak.P@example.com,681,Ishani Bahl,Ishani.B@example.com,People Group,Professional,+911541423792
216,Nachiket Bahri,Nachiket.B@example.com,573,Karan Bhatti,Karan.B@example.com,Opus Group,Professional,04269773923
217,Dayita Dewan,Dayita.D@example.com,860,Hredhaan Bandi,Hredhaan.B@example.com,Business Management Group,Senior Professional,+919373115922
218,Eta Virk,Eta.V@example.com,131,Mohini Om,Mohini.O@example.com,Cloud,Professional,1650468854
219,Upadhriti Mangal,Upadhriti.M@example.com,72,Siya Shan,Siya.S@example.com,B2B,Senior Professional,8951545308
220,Nilima Chauhan,Nilima.C@example.com,818,Aarnav Sastry,Aarnav.S@example.com,CP,Professional,6689308314
221,Arunima Pathak,Arunima.P@example.com,197,Pranit Jayaraman,Pranit.J@example.com,Application,Senior Professional,+911752360074
222,Veer Dutt,Veer.D@example.com,386,Guneet Naidu,Guneet.N@example.com,Visual Solution,Senior Professional,+915001216767
223,Fariq Bawa,Fariq.B@example.com,891,Sai Gokhale,Sai.G@example.com,Digital Health,Professional,+912700640334
224,Azaan Tailor,Azaan.T@example.com,369,Reyansh Manda,Reyansh.M@example.com,Artificial Intelligence,Intern,6343052094
225,Geetika Purohit,Geetika.P@example.com,908,Avni Palla,Avni.P@example.com,Application,Staff Engineer,9925425058
226,Omya Doshi,Omya.D@example.com,730,Idika Hayer,Idika.H@example.com,Technology Strategy Group,Staff Engineer,9477637480
227,Yamini Khatri,Yamini.K@example.com,142,Henry Sachdev,Henry.S@example.com,Technology Strategy Group,Professional,+916785836607
228,Keya Natarajan,Keya.N@example.com,581,Jeet Kaur,Jeet.K@example.com,Software Engineering,Staff Engineer,4856856035
229,Libni Vaidya,Libni.V@example.com,893,Luke Luthra,Luke.L@example.com,Technology Strategy Group,Engineer,+918025594063
230,Mohini Gaba,Mohini.G@example.com,790,Krish Sule,Krish.S@example.com,People Group,Senior Professional,6116952297
231,Jack Bhattacharyya,Jack.B@example.com,719,Timothy Rastogi,Timothy.R@example.com,B2B,Intern,08856877946
232,Ria Dani,Ria.D@example.com,731,Chandani Dani,Chandani.D@example.com,CP,Senior Professional,+917189939184
233,Rajata Kamdar,Rajata.K@example.com,366,Bimala Suri,Bimala.S@example.com,SWPL,Professional,2169244447
234,Naksh Kar,Naksh.K@example.com,695,Bachittar Badal,Bachittar.B@example.com,Artificial Intelligence,Staff Engineer,9431175127
235,Wishi Dugar,Wishi.D@example.com,569,Zilmil Chaudhari,Zilmil.C@example.com,Digital Health,Engineer,2265806124
236,Ayushman Bal,Ayushman.B@example.com,974,Yauvani Tiwari,Yauvani.T@example.com,Business Management Group,Professional,+915848085865
237,Wahab Ahuja,Wahab.A@example.com,213,Ekanta Amble,Ekanta.A@example.com,Artificial Intelligence,Professional,+919487123545
238,Umang Rana,Umang.R@example.com,713,Wishi Vala,Wishi.V@example.com,Software Engineering,Intern,+912033191177
239,Lucky Sathe,Lucky.S@example.com,855,Dominic Venkataraman,Dominic.V@example.com,System,Engineer,00675379586
240,Banjeet Kalita,Banjeet.K@example.com,715,Gaurika Srinivas,Gaurika.S@example.com,Digital Health,Engineer,7841636177
241,Sudiksha Bera,Sudiksha.B@example.com,744,Dominic Prasad,Dominic.P@example.com,CP,Senior Professional,6422020122
242,Urvashi Nath,Urvashi.N@example.com,752,Vedant Bhatia,Vedant.B@example.com,Digital Health,Staff Engineer,+910189420336
243,Fitan Panchal,Fitan.P@example.com,13,Falan Koshy,Falan.K@example.com,Framework,Professional,09644173278
244,Yashvi Ganesan,Yashvi.G@example.com,628,Simon Dugal,Simon.D@example.com,Opus Group,Staff Engineer,9807428747
245,Lajita Dada,Lajita.D@example.com,414,Ayush Datta,Ayush.D@example.com,SQE,Intern,+913331095644
246,Madhav Sidhu,Madhav.S@example.com,460,Ishita Sehgal,Ishita.S@example.com,Opus Group,Senior Professional,6564127738
247,Sai Dara,Sai.D@example.com,113,Ryan Sunder,Ryan.S@example.com,Opus Group,Staff Engineer,3661295223
248,Hemang Goswami,Hemang.G@example.com,119,Sara Merchant,Sara.M@example.com,Technology Strategy Group,Staff Engineer,2085881134
249,Edhitha Kumar,Edhitha.K@example.com,711,Chatura Srivastava,Chatura.S@example.com,Opus Group,Professional,+912132765023
250,Orinder Sankar,Orinder.S@example.com,259,Kiaan Mani,Kiaan.M@example.com,Opus Group,Senior Professional,03669199886
251,Priya Wagle,Priya.W@example.com,600,Chasmum Ganesh,Chasmum.G@example.com,Technology Strategy Group,Engineer,4400524874
252,Caleb Khatri,Caleb.K@example.com,542,Lekha Rastogi,Lekha.R@example.com,People Group,Intern,02024201841
253,Gautam Gaba,Gautam.G@example.com,988,Bakhshi Gade,Bakhshi.G@example.com,Application,Staff Engineer,+914988377854
254,Nidhi Raj,Nidhi.R@example.com,149,Noah Ramakrishnan,Noah.R@example.com,System,Engineer,04946646488
255,Girik Badal,Girik.B@example.com,625,Vanya Kanda,Vanya.K@example.com,Digital Health,Professional,+913181478920
256,Xalak Lala,Xalak.L@example.com,991,Raagini Dhar,Raagini.D@example.com,Visual Solution,Engineer,3304210834
257,Urvi Mand,Urvi.M@example.com,766,Yash Jha,Yash.J@example.com,People Group,Engineer,01156293214
258,Harrison Balasubramanian,Harrison.B@example.com,742,Abeer Mohanty,Abeer.M@example.com,Technology Strategy Group,Professional,03020662085
259,Laksh Sridhar,Laksh.S@example.com,635,Ansh Mohanty,Ansh.M@example.com,People Group,Senior Professional,9930202284
260,Rajata Chaudhry,Rajata.C@example.com,373,Jagdish Mani,Jagdish.M@example.com,People Group,Intern,1006041957
261,Vrinda Mahal,Vrinda.M@example.com,981,Arunima Bains,Arunima.B@example.com,Technology Strategy Group,Intern,+911175150842
262,Omisha Ahluwalia,Omisha.A@example.com,442,Aryan Barad,Aryan.B@example.com,Opus Group,Staff Engineer,+919545357324
263,Zaitra Jain,Zaitra.J@example.com,201,Aarna Ravel,Aarna.R@example.com,SWPL,Engineer,+919041467775
264,Darsh Kamdar,Darsh.K@example.com,299,Forum Mangat,Forum.M@example.com,Visual Solution,Engineer,3868677390
265,Pratyush Vaidya,Pratyush.V@example.com,598,Riya Nagar,Riya.N@example.com,People Group,Engineer,+911385466977
266,Sara Dada,Sara.D@example.com,733,Jalsa Sanghvi,Jalsa.S@example.com,Opus Group,Senior Professional,+912980832449
267,Sneha Pau,Sneha.P@example.com,132,Atharv Baria,Atharv.B@example.com,Business Management Group,Professional,3786879584
268,Janaki Gokhale,Janaki.G@example.com,391,Aarna Chadha,Aarna.C@example.com,People Group,Senior Professional,1109630615
269,Waida Sur,Waida.S@example.com,685,Jai Hora,Jai.H@example.com,SWPL,Professional,09694975055
270,Zayyan Solanki,Zayyan.S@example.com,303,Reyansh Srinivasan,Reyansh.S@example.com,System,Senior Professional,05881320057
271,Ucchal Hora,Ucchal.H@example.com,316,Nakul Golla,Nakul.G@example.com,SQE,Senior Professional,00113398052
272,Maya Palan,Maya.P@example.com,732,Falan Madan,Falan.M@example.com,Application,Professional,5719503721
273,Ishita Dash,Ishita.D@example.com,485,Samarth Sahni,Samarth.S@example.com,B2B,Professional,05300509456
274,Ekaja Kulkarni,Ekaja.K@example.com,788,Aashi Anne,Aashi.A@example.com,Software Engineering,Senior Professional,4737313677
275,Zarna Edwin,Zarna.E@example.com,759,Aarav Mitra,Aarav.M@example.com,Framework,Senior Professional,+914860536630
276,Ekbal Srivastava,Ekbal.S@example.com,430,Anmol Vaidya,Anmol.V@example.com,Digital Health,Staff Engineer,05654132251
277,Azaan Chaudhary,Azaan.C@example.com,234,Abhimanyu Kaur,Abhimanyu.K@example.com,CP,Senior Professional,+918695312685
278,Indrajit Issac,Indrajit.I@example.com,587,Urvi Modi,Urvi.M@example.com,B2B,Professional,+916357408066
279,Charvi Kannan,Charvi.K@example.com,443,Zarna Shukla,Zarna.S@example.com,Business Management Group,Engineer,+911228760873
280,Raghav Gaba,Raghav.G@example.com,721,Anusha Parmar,Anusha.P@example.com,Visual Solution,Intern,+917917582704
281,Aarnav Raghavan,Aarnav.R@example.com,834,Aditya Patla,Aditya.P@example.com,Framework,Intern,1815934822
282,Mitesh Sastry,Mitesh.S@example.com,267,Rachit Prashad,Rachit.P@example.com,Opus Group,Engineer,+915396651200
283,Aarush Choudhary,Aarush.C@example.com,100,Theodore Narang,Theodore.N@example.com,Application,Senior Professional,07748080480
284,Alka Parmer,Alka.P@example.com,240,Dipta Sibal,Dipta.S@example.com,CP,Engineer,+910065226569
285,Advaith Shenoy,Advaith.S@example.com,129,Utkarsh Tiwari,Utkarsh.T@example.com,People Group,Professional,+917425263943
286,Naveen Mahajan,Naveen.M@example.com,103,Rachita Sane,Rachita.S@example.com,Application,Engineer,09810276490
287,Jeet Edwin,Jeet.E@example.com,583,Upkaar Dayal,Upkaar.D@example.com,Digital Health,Senior Professional,+915407642773
288,Jeevika Char,Jeevika.C@example.com,783,Jagat Mahal,Jagat.M@example.com,Cloud,Intern,00527107765
289,Omisha Palla,Omisha.P@example.com,886,Eiravati Pal,Eiravati.P@example.com,People Group,Staff Engineer,+910415156888
290,Bakhshi Raval,Bakhshi.R@example.com,568,Waida Lal,Waida.L@example.com,Artificial Intelligence,Staff Engineer,+918917627272
291,Niharika Gala,Niharika.G@example.com,174,Falguni Rajan,Falguni.R@example.com,Artificial Intelligence,Professional,3914680930
292,Amara Shankar,Amara.S@example.com,798,Anvi Thakkar,Anvi.T@example.com,Opus Group,Engineer,5286019858
293,Yashawini Mand,Yashawini.M@example.com,532,Dev Prasad,Dev.P@example.com,People Group,Engineer,+912086771062
294,Jai Chandran,Jai.C@example.com,127,Udyati Naidu,Udyati.N@example.com,Digital Health,Intern,6787140533
295,Triya Doshi,Triya.D@example.com,857,Onveer Gole,Onveer.G@example.com,People Group,Senior Professional,+914450860623
296,Nakul Sarna,Nakul.S@example.com,355,Lipika Sabharwal,Lipika.S@example.com,Artificial Intelligence,Staff Engineer,+918639253630
297,Maya Issac,Maya.I@example.com,559,Naksh Singh,Naksh.S@example.com,Framework,Staff Engineer,00522804307
298,Oliver Dasgupta,Oliver.D@example.com,72,Jalsa Sen,Jalsa.S@example.com,CP,Professional,2805245198
299,Yadavi Shukla,Yadavi.S@example.com,882,Sarthak Sarma,Sarthak.S@example.com,Digital Health,Senior Professional,+913919592748
300,Bhanumati Zachariah,Bhanumati.Z@example.com,797,Pavani Goel,Pavani.G@example.com,System,Professional,05374657413
301,Anita Samra,Anita.S@example.com,325,Shivani Butala,Shivani.B@example.com,Visual Solution,Intern,4667649925
302,Utkarsh Hans,Utkarsh.H@example.com,110,Dominic Tank,Dominic.T@example.com,SWPL,Engineer,3378854607
303,Xalak Doshi,Xalak.D@example.com,671,Christopher Bhatnagar,Christopher.B@example.com,Visual Solution,Staff Engineer,+919145592985
304,Raagini Bhattacharyya,Raagini.B@example.com,59,Zaitra Mitra,Zaitra.M@example.com,B2B,Staff Engineer,02793993050
305,Lavanya Bhasin,Lavanya.B@example.com,26,Faras Dewan,Faras.D@example.com,People Group,Staff Engineer,+917653530052
306,Jagrati Pau,Jagrati.P@example.com,647,Saumya Warrior,Saumya.W@example.com,Technology Strategy Group,Senior Professional,+914037338161
307,Charvi Dugal,Charvi.D@example.com,767,Hardik Wason,Hardik.W@example.com,Technology Strategy Group,Intern,06124083514
308,Pooja Toor,Pooja.T@example.com,333,Deepa Shah,Deepa.S@example.com,Digital Health,Intern,00333619632
309,Nakul Bedi,Nakul.B@example.com,246,Turvi Singhal,Turvi.S@example.com,CP,Engineer,06840739678
310,Ishaan Gill,Ishaan.G@example.com,442,Suhani Chacko,Suhani.C@example.com,Cloud,Staff Engineer,07926947039
311,Ekiya Aggarwal,Ekiya.A@example.com,270,Kala Ramaswamy,Kala.R@example.com,SWPL,Senior Professional,03377736589
312,Rachita Prabhu,Rachita.P@example.com,306,Neelima Bhargava,Neelima.B@example.com,Software Engineering,Professional,0355554702
313,Jeremiah Dara,Jeremiah.D@example.com,193,Charles Jani,Charles.J@example.com,SWPL,Intern,08855062424
314,Zaitra Mukherjee,Zaitra.M@example.com,760,Dominic Sachdev,Dominic.S@example.com,Business Management Group,Senior Professional,+916135636875
315,Fitan Saran,Fitan.S@example.com,212,Anirudh Srivastava,Anirudh.S@example.com,SWPL,Intern,+912163282549
316,Tanish Narain,Tanish.N@example.com,254,Raksha Kale,Raksha.K@example.com,Business Management Group,Intern,09608810996
317,Aditya Manne,Aditya.M@example.com,784,Riya Khosla,Riya.K@example.com,System,Senior Professional,07864523487
318,Timothy Bhattacharyya,Timothy.B@example.com,519,Yashica Dugal,Yashica.D@example.com,Business Management Group,Professional,05357328283
319,Maanas Bobal,Maanas.B@example.com,720,Atharv Thakur,Atharv.T@example.com,CP,Senior Professional,+912999772471
320,Yamini Jaggi,Yamini.J@example.com,478,Aradhana Mann,Aradhana.M@example.com,SQE,Professional,4560493598
321,Chanchal Misra,Chanchal.M@example.com,320,Wazir Sagar,Wazir.S@example.com,Technology Strategy Group,Professional,8815248813
322,Mekhala Mittal,Mekhala.M@example.com,584,Damyanti Kala,Damyanti.K@example.com,People Group,Intern,+918442572763
323,Frederick Bali,Frederick.B@example.com,444,Logan Koshy,Logan.K@example.com,Digital Health,Intern,4531506167
324,Matthew Bhatt,Matthew.B@example.com,226,Bakhshi Bhardwaj,Bakhshi.B@example.com,CP,Engineer,00305278672
325,Gaurangi Pingle,Gaurangi.P@example.com,93,Warjas Loke,Warjas.L@example.com,SWPL,Professional,0223005920
326,Diya Murthy,Diya.M@example.com,118,Faras Upadhyay,Faras.U@example.com,Artificial Intelligence,Engineer,+918788982199
327,Yashasvi Sura,Yashasvi.S@example.com,764,Fiyaz Sharaf,Fiyaz.S@example.com,Business Management Group,Engineer,+914929370812
328,Jasmit Arya,Jasmit.A@example.com,900,Zinal Badal,Zinal.B@example.com,Cloud,Engineer,3078429635
329,Advika Gala,Advika.G@example.com,531,Isha Gulati,Isha.G@example.com,Visual Solution,Professional,+917431193934
330,Yadavi Sahota,Yadavi.S@example.com,551,Yagnesh Kale,Yagnesh.K@example.com,Application,Professional,2799942263
331,Aachal Acharya,Aachal.A@example.com,38,Mason Shroff,Mason.S@example.com,SWPL,Staff Engineer,04573499747
332,Parth Mahal,Parth.M@example.com,746,Sara Sawhney,Sara.S@example.com,B2B,Staff Engineer,+910345076578
333,Yashawini Rajagopalan,Yashawini.R@example.com,882,Lucky Som,Lucky.S@example.com,Business Management Group,Professional,+912020445131
334,Nidhi Vig,Nidhi.V@example.com,22,Ati Hans,Ati.H@example.com,Artificial Intelligence,Engineer,05324249213
335,Aarav Sidhu,Aarav.S@example.com,486,Mitali Rajagopal,Mitali.R@example.com,Visual Solution,Senior Professional,+912826075577
336,Hemani Nagy,Hemani.N@example.com,320,Jhalak Kade,Jhalak.K@example.com,CP,Intern,5049891378
337,Qadim Solanki,Qadim.S@example.com,803,Jairaj Dube,Jairaj.D@example.com,CP,Staff Engineer,04827488579
338,Adweta Dhar,Adweta.D@example.com,834,Timothy Mohan,Timothy.M@example.com,Opus Group,Staff Engineer,1129187830
339,Isha Bhakta,Isha.B@example.com,334,Chandran Padmanabhan,Chandran.P@example.com,B2B,Intern,4778021074
340,Patrick Sood,Patrick.S@example.com,490,Anamika Shan,Anamika.S@example.com,System,Engineer,+917097931561
341,Maanav Sidhu,Maanav.S@example.com,800,Amaira Murty,Amaira.M@example.com,Digital Health,Staff Engineer,6386537068
342,Yashica Kant,Yashica.K@example.com,915,Urishilla Kant,Urishilla.K@example.com,People Group,Staff Engineer,+910765949368
343,Ikshita Khosla,Ikshita.K@example.com,466,Vasana Sachdeva,Vasana.S@example.com,System,Engineer,5406017347
344,Vedhika Chawla,Vedhika.C@example.com,540,Dominic Dey,Dominic.D@example.com,Opus Group,Senior Professional,02972049888
345,Simon Sathe,Simon.S@example.com,189,Prisha Lalla,Prisha.L@example.com,SQE,Professional,7388898864
346,Leela Sandhu,Leela.S@example.com,308,Saanvi Anne,Saanvi.A@example.com,Digital Health,Professional,1992760581
347,Faqid Bali,Faqid.B@example.com,248,Gaurika Sood,Gaurika.S@example.com,Framework,Intern,0065520229
348,Isha Vaidya,Isha.V@example.com,624,Jackson Dhillon,Jackson.D@example.com,Framework,Engineer,05041597399
349,Lavanya Yohannan,Lavanya.Y@example.com,906,Madhavi Mall,Madhavi.M@example.com,Business Management Group,Engineer,+914418760335
350,Dhruv Srivastava,Dhruv.S@example.com,752,Warinder Ram,Warinder.R@example.com,Application,Intern,+917610822832
351,Logan Vasa,Logan.V@example.com,114,Wahab Bhakta,Wahab.B@example.com,Software Engineering,Professional,05189911700
352,Vamakshi Sandhu,Vamakshi.S@example.com,520,Ishani Sarraf,Ishani.S@example.com,Digital Health,Intern,+919044135640
353,Guneet Anand,Guneet.A@example.com,192,Nihal Parikh,Nihal.P@example.com,Business Management Group,Staff Engineer,05842450745
354,Urvashi Rao,Urvashi.R@example.com,939,Jeet Hayre,Jeet.H@example.com,People Group,Professional,03932257532
355,Xiti Dash,Xiti.D@example.com,118,Nikita Tripathi,Nikita.T@example.com,People Group,Engineer,4349920554
356,Pooja Murthy,Pooja.M@example.com,695,Frado Pai,Frado.P@example.com,Business Management Group,Professional,05607421048
357,Ikshita Mani,Ikshita.M@example.com,177,Pushti Choudhry,Pushti.C@example.com,Software Engineering,Staff Engineer,3614368297
358,Ronith Murty,Ronith.M@example.com,286,Rachita Sharma,Rachita.S@example.com,CP,Staff Engineer,+915601870093
359,Ayushman Ravel,Ayushman.R@example.com,34,Jacob Comar,Jacob.C@example.com,Framework,Professional,07153930394
360,Pahal Banik,Pahal.B@example.com,292,Sanya Bhatt,Sanya.B@example.com,Business Management Group,Professional,2900769760
361,Falan Nayak,Falan.N@example.com,285,Harinakshi Puri,Harinakshi.P@example.com,SWPL,Engineer,03857655106
362,Libni Divan,Libni.D@example.com,666,Kritika Mander,Kritika.M@example.com,System,Staff Engineer,+918410318112
363,Viraj Lala,Viraj.L@example.com,994,Tanmayi Pandya,Tanmayi.P@example.com,Digital Health,Senior Professional,08761648300
364,Jasmit Pant,Jasmit.P@example.com,971,Eesha Hari,Eesha.H@example.com,Visual Solution,Senior Professional,+915449508779
365,Falguni Verma,Falguni.V@example.com,568,Siddharth Sagar,Siddharth.S@example.com,B2B,Engineer,2194742188
366,Yasti Narain,Yasti.N@example.com,904,Tripti Mand,Tripti.M@example.com,System,Staff Engineer,9867085947
367,Unnati Sanghvi,Unnati.S@example.com,1,Aachal Comar,Aachal.C@example.com,Framework,Professional,+915712855020
368,Bachittar Sura,Bachittar.S@example.com,226,Ladli De,Ladli.D@example.com,Cloud,Intern,+917559579473
369,Yoshita Ramakrishnan,Yoshita.R@example.com,887,Ekaraj Roy,Ekaraj.R@example.com,Business Management Group,Senior Professional,08218379751
370,Saksham Das,Saksham.D@example.com,319,Lajita Toor,Lajita.T@example.com,Business Management Group,Staff Engineer,+917794752833
371,Kamya Ramachandran,Kamya.R@example.com,282,Ishwar Yohannan,Ishwar.Y@example.com,Visual Solution,Intern,07041204729
372,Michael Chokshi,Michael.C@example.com,86,Zehaan Rana,Zehaan.R@example.com,Business Management Group,Staff Engineer,+917989674945
373,Rehaan Mammen,Rehaan.M@example.com,549,David Rajagopal,David.R@example.com,Artificial Intelligence,Professional,4997774528
374,Yasti Buch,Yasti.B@example.com,77,Robert Chopra,Robert.C@example.com,Technology Strategy Group,Engineer,5210157037
375,Advik Gala,Advik.G@example.com,188,Yauvani Barman,Yauvani.B@example.com,Application,Staff Engineer,01984070179
376,Vanya Sarna,Vanya.S@example.com,974,Faris Viswanathan,Faris.V@example.com,Cloud,Intern,4099740078
377,Yagnesh Ray,Yagnesh.R@example.com,509,Chandani Gulati,Chandani.G@example.com,Opus Group,Staff Engineer,5286100767
378,Vasana Sarin,Vasana.S@example.com,316,Isaac Barman,Isaac.B@example.com,Artificial Intelligence,Professional,+913391383091
379,Varenya Saraf,Varenya.S@example.com,786,Daniel Walla,Daniel.W@example.com,Software Engineering,Intern,03362734399
380,Reva Vohra,Reva.V@example.com,438,Tanmayi Kalla,Tanmayi.K@example.com,Software Engineering,Staff Engineer,04521094977
381,Nitesh Arya,Nitesh.A@example.com,299,Chandran Bhasin,Chandran.B@example.com,System,Intern,2575666466
382,Sanya Vig,Sanya.V@example.com,232,Vyanjana Verma,Vyanjana.V@example.com,CP,Professional,+912855661686
383,Max Purohit,Max.P@example.com,885,Zayan Rastogi,Zayan.R@example.com,Visual Solution,Senior Professional,4699075417
384,Ekansh Grover,Ekansh.G@example.com,994,Harshil Parmar,Harshil.P@example.com,Framework,Engineer,+918452058586
385,Samuel Dewan,Samuel.D@example.com,682,Chatresh Suresh,Chatresh.S@example.com,Software Engineering,Professional,6715943350
386,Logan Seth,Logan.S@example.com,518,Urmi Sem,Urmi.S@example.com,Cloud,Engineer,2036285128
387,Finn Kashyap,Finn.K@example.com,53,Vedika Chand,Vedika.C@example.com,CP,Staff Engineer,09264263380
388,Laban Mukherjee,Laban.M@example.com,458,Gayathri Patla,Gayathri.P@example.com,Visual Solution,Engineer,+911537807937
389,Indrajit Kothari,Indrajit.K@example.com,151,Gautami Choudhury,Gautami.C@example.com,Opus Group,Senior Professional,08313724936
390,Barkha Nagy,Barkha.N@example.com,512,Varenya Nagar,Varenya.N@example.com,SQE,Engineer,0231913210
391,Kalpit Oza,Kalpit.O@example.com,488,Qabil Vohra,Qabil.V@example.com,Digital Health,Intern,0790372330
392,Wahab Sehgal,Wahab.S@example.com,915,Arjun Venkataraman,Arjun.V@example.com,Visual Solution,Professional,+916772343029
393,Ucchal Aggarwal,Ucchal.A@example.com,908,Zehaan Walia,Zehaan.W@example.com,Application,Engineer,2920234875
394,Maanas Issac,Maanas.I@example.com,486,Bhanumati Wali,Bhanumati.W@example.com,Opus Group,Professional,+916593327409
395,Gautam Parmer,Gautam.P@example.com,947,Aadi Gill,Aadi.G@example.com,SWPL,Senior Professional,07419703912
396,Ranveer Shere,Ranveer.S@example.com,999,Yauvani Dyal,Yauvani.D@example.com,Software Engineering,Engineer,9092165844
397,Omaja Gala,Omaja.G@example.com,122,Upkaar Suri,Upkaar.S@example.com,CP,Professional,+915470498893
398,Kamala Soni,Kamala.S@example.com,521,Vivaan Babu,Vivaan.B@example.com,System,Intern,+915697941815
399,Maanas Oak,Maanas.O@example.com,60,Chandani Seshadri,Chandani.S@example.com,SWPL,Staff Engineer,+918944217404
400,Samuel Pradhan,Samuel.P@example.com,646,Ria Gandhi,Ria.G@example.com,Application,Engineer,7900830112
401,Nilima Date,Nilima.D@example.com,700,Dalbir Mistry,Dalbir.M@example.com,Application,Senior Professional,+916492793234
402,Zehaan Basu,Zehaan.B@example.com,673,Rehaan Kaul,Rehaan.K@example.com,SWPL,Senior Professional,+912987109951
403,Nidhi Ghosh,Nidhi.G@example.com,678,Ati Maharaj,Ati.M@example.com,Artificial Intelligence,Senior Professional,5407286710
404,Oviya Baria,Oviya.B@example.com,932,Dhruv Shenoy,Dhruv.S@example.com,SQE,Engineer,4250810472
405,Tejas Nagar,Tejas.N@example.com,703,Faras Nadig,Faras.N@example.com,People Group,Engineer,07217618060
406,Faqid Bhalla,Faqid.B@example.com,29,Kritika Morar,Kritika.M@example.com,Artificial Intelligence,Engineer,2384852291
407,Wishi Sani,Wishi.S@example.com,515,Upkaar Munshi,Upkaar.M@example.com,SWPL,Engineer,09676851998
408,Peter Jaggi,Peter.J@example.com,884,Faris Kade,Faris.K@example.com,Opus Group,Engineer,+913229588290
409,Rehaan Nair,Rehaan.N@example.com,449,Vyanjana Nazareth,Vyanjana.N@example.com,B2B,Intern,02740803082
410,Girish Garg,Girish.G@example.com,682,Imaran Randhawa,Imaran.R@example.com,SWPL,Staff Engineer,02310908390
411,Raksha Swamy,Raksha.S@example.com,721,Nirja Bhalla,Nirja.B@example.com,B2B,Staff Engineer,8228170276
412,Rushil Zacharia,Rushil.Z@example.com,478,Nitesh Devi,Nitesh.D@example.com,Digital Health,Intern,00636607477
413,Siddharth Trivedi,Siddharth.T@example.com,278,Anvi Aurora,Anvi.A@example.com,Visual Solution,Professional,6031581679
414,Shaurya Kant,Shaurya.K@example.com,843,Zilmil Chahal,Zilmil.C@example.com,Visual Solution,Senior Professional,7118180758
415,Urvi Sampath,Urvi.S@example.com,831,Jai Chaudhuri,Jai.C@example.com,CP,Engineer,7938599823
416,Tejas Brar,Tejas.B@example.com,836,Bachittar De,Bachittar.D@example.com,Framework,Intern,08592325707
417,Nitara Lal,Nitara.L@example.com,217,Arya Bhasin,Arya.B@example.com,B2B,Professional,00655248307
418,Ekansh Shroff,Ekansh.S@example.com,841,Daksha Radhakrishnan,Daksha.R@example.com,Visual Solution,Intern,04302184976
419,Chakradhar Salvi,Chakradhar.S@example.com,539,Isaiah Bumb,Isaiah.B@example.com,Application,Engineer,08882652753
420,Harinakshi Dora,Harinakshi.D@example.com,266,Udyati Basak,Udyati.B@example.com,Opus Group,Professional,+910360813811
421,Harini Borde,Harini.B@example.com,311,Gunbir Nagar,Gunbir.N@example.com,Technology Strategy Group,Engineer,04306458376
422,Zashil Nagar,Zashil.N@example.com,220,Leena Chakraborty,Leena.C@example.com,System,Intern,09705788318
423,Agastya Thaker,Agastya.T@example.com,689,Nitara Contractor,Nitara.C@example.com,Technology Strategy Group,Senior Professional,07402395380
424,Vamakshi Kaul,Vamakshi.K@example.com,406,Ridhi Kalita,Ridhi.K@example.com,Technology Strategy Group,Intern,03125524497
425,Gayathri Varma,Gayathri.V@example.com,339,Warjas Vora,Warjas.V@example.com,Artificial Intelligence,Professional,04633275014
426,Keya Warrior,Keya.W@example.com,163,Tarak Chowdhury,Tarak.C@example.com,B2B,Staff Engineer,+918088705354
427,Bahadurjit Kamdar,Bahadurjit.K@example.com,981,Widisha Goel,Widisha.G@example.com,People Group,Staff Engineer,+915987772920
428,Nandini Brahmbhatt,Nandini.B@example.com,922,Madhavi Chaudry,Madhavi.C@example.com,System,Intern,04537936876
429,Hemal Chokshi,Hemal.C@example.com,12,Chaman Deshpande,Chaman.D@example.com,SWPL,Staff Engineer,6258800853
430,Ishanvi Acharya,Ishanvi.A@example.com,717,Gayathri Balasubramanian,Gayathri.B@example.com,Cloud,Engineer,+912368051413
431,Triveni Arora,Triveni.A@example.com,509,Isaac Tandon,Isaac.T@example.com,Visual Solution,Professional,8355310746
432,Nidra Kapoor,Nidra.K@example.com,953,Lucky Natt,Lucky.N@example.com,Business Management Group,Intern,09120371411
433,Aachal Rao,Aachal.R@example.com,648,Varenya Rai,Varenya.R@example.com,Software Engineering,Intern,03205026295
434,Tejas Joshi,Tejas.J@example.com,485,Dakshesh Tripathi,Dakshesh.T@example.com,CP,Senior Professional,+918731253819
435,Keya Chadha,Keya.C@example.com,336,Aarush Mukherjee,Aarush.M@example.com,Opus Group,Professional,+914368141579
436,Sanaya Dasgupta,Sanaya.D@example.com,715,Samaksh Bath,Samaksh.B@example.com,System,Professional,09527329221
437,Meera Bhatnagar,Meera.B@example.com,796,Yoshita Bhagat,Yoshita.B@example.com,Business Management Group,Staff Engineer,05454805118
438,Vanya Kunda,Vanya.K@example.com,267,Varsha D’Alia,Varsha.D@example.com,Framework,Engineer,+918918168468
439,Ayush Taneja,Ayush.T@example.com,54,Wriddhish Grover,Wriddhish.G@example.com,Visual Solution,Engineer,04517288145
440,Dhriti Memon,Dhriti.M@example.com,624,Saanvi Subramanian,Saanvi.S@example.com,SQE,Staff Engineer,07086035897
441,Charvi Vyas,Charvi.V@example.com,284,Libni Suri,Libni.S@example.com,Application,Senior Professional,+912151372188
442,Shaurya Vora,Shaurya.V@example.com,33,Darpan Oak,Darpan.O@example.com,Visual Solution,Staff Engineer,+910022896035
443,Wyatt Patel,Wyatt.P@example.com,131,Jason Bose,Jason.B@example.com,Application,Staff Engineer,+913582961323
444,Yash Dash,Yash.D@example.com,244,Xavier Ramachandran,Xavier.R@example.com,B2B,Senior Professional,2459848796
445,Ridhi Goda,Ridhi.G@example.com,64,Benjamin Konda,Benjamin.K@example.com,B2B,Senior Professional,3098910269
446,Sai Sengupta,Sai.S@example.com,845,Harshil Gour,Harshil.G@example.com,Visual Solution,Senior Professional,06434521848
447,Qadim Rana,Qadim.R@example.com,200,Samuel More,Samuel.M@example.com,Visual Solution,Intern,4539558209
448,Bhavani Purohit,Bhavani.P@example.com,126,Wakeeta Dhaliwal,Wakeeta.D@example.com,Software Engineering,Staff Engineer,+913907256230
449,Falan Bahri,Falan.B@example.com,315,Saksham Dubey,Saksham.D@example.com,Technology Strategy Group,Professional,3500799719
450,Upasna Baria,Upasna.B@example.com,513,Brinda Tailor,Brinda.T@example.com,Digital Health,Professional,5991737567
451,Fiyaz Gaba,Fiyaz.G@example.com,451,Sarthak Saraf,Sarthak.S@example.com,Business Management Group,Professional,+910188993964
452,Tanvi Mohan,Tanvi.M@example.com,457,Harsh Parekh,Harsh.P@example.com,Visual Solution,Intern,+916379728130
453,Onveer Aurora,Onveer.A@example.com,745,Yutika Dutta,Yutika.D@example.com,System,Senior Professional,+912214501155
454,Shivansh Dube,Shivansh.D@example.com,402,Samarth Dhar,Samarth.D@example.com,Artificial Intelligence,Senior Professional,2609071481
455,Ria Dave,Ria.D@example.com,193,Darika Roy,Darika.R@example.com,Technology Strategy Group,Professional,02134712452
456,Champak Raja,Champak.R@example.com,208,Indali Basu,Indali.B@example.com,Software Engineering,Professional,9307709026
457,Waida Subramanian,Waida.S@example.com,483,Anay Sekhon,Anay.S@example.com,System,Engineer,+917682390290
458,Nikita Hayre,Nikita.H@example.com,868,Upasna Krish,Upasna.K@example.com,Opus Group,Staff Engineer,09509424552
459,Arin Kapur,Arin.K@example.com,575,Warjas Mand,Warjas.M@example.com,Business Management Group,Professional,+915284384558
460,Umang Bhatia,Umang.B@example.com,209,George Sarin,George.S@example.com,Digital Health,Professional,+917149033034
461,Januja Ghose,Januja.G@example.com,218,Riya Tiwari,Riya.T@example.com,System,Staff Engineer,01744947238
462,Divya Yadav,Divya.Y@example.com,174,Abha Zachariah,Abha.Z@example.com,Visual Solution,Intern,8347839031
463,Advaith Vala,Advaith.V@example.com,396,Kalpit Saha,Kalpit.S@example.com,SWPL,Engineer,4495572276
464,Isha Singhal,Isha.S@example.com,901,Pooja Luthra,Pooja.L@example.com,Business Management Group,Intern,03887731288
465,Ishanvi Kumar,Ishanvi.K@example.com,320,Avi Choudhry,Avi.C@example.com,Cloud,Engineer,05603350139
466,Vedhika Murty,Vedhika.M@example.com,424,Veer Narula,Veer.N@example.com,Opus Group,Staff Engineer,06118293857
467,Chanakya Viswanathan,Chanakya.V@example.com,283,Yatin Narula,Yatin.N@example.com,Visual Solution,Senior Professional,0338799820
468,Jairaj Manda,Jairaj.M@example.com,965,Shivansh Naidu,Shivansh.N@example.com,SWPL,Staff Engineer,+911513420494
469,Ishani Mitter,Ishani.M@example.com,505,Arin Doctor,Arin.D@example.com,CP,Engineer,+911979719603
470,Chaitaly Bhalla,Chaitaly.B@example.com,473,Rohan Bhatia,Rohan.B@example.com,Business Management Group,Staff Engineer,09814150078
471,Andrew Sundaram,Andrew.S@example.com,242,Jalsa Raghavan,Jalsa.R@example.com,CP,Engineer,3147892609
472,Yashvi Master,Yashvi.M@example.com,766,Patrick Ramaswamy,Patrick.R@example.com,CP,Staff Engineer,7476553672
473,Krishna Dave,Krishna.D@example.com,858,Vivaan Sarna,Vivaan.S@example.com,Cloud,Staff Engineer,02527263619
474,Siya Dada,Siya.D@example.com,3,Jack Rana,Jack.R@example.com,Business Management Group,Professional,09657354618
475,Nisha Jhaveri,Nisha.J@example.com,838,Falguni Loyal,Falguni.L@example.com,Business Management Group,Intern,3944500815
476,Qushi Pingle,Qushi.P@example.com,479,Omkaar Reddy,Omkaar.R@example.com,Opus Group,Senior Professional,5435980356
477,Inaya Loke,Inaya.L@example.com,95,Udarsh Aurora,Udarsh.A@example.com,SQE,Staff Engineer,05540042245
478,Tanveer Bail,Tanveer.B@example.com,769,Samaksh Suri,Samaksh.S@example.com,Software Engineering,Intern,+919349569326
479,Theodore Walla,Theodore.W@example.com,40,Mahika Dhar,Mahika.D@example.com,SWPL,Engineer,05970769631
480,Varsha Lall,Varsha.L@example.com,899,Brijesh Bhatt,Brijesh.B@example.com,Business Management Group,Staff Engineer,+919676724955
481,Saumya Karpe,Saumya.K@example.com,15,Garima Prabhu,Garima.P@example.com,People Group,Engineer,8536356522
482,Qasim Raja,Qasim.R@example.com,528,Jagrati Ahluwalia,Jagrati.A@example.com,Opus Group,Professional,5549793469
483,Raghav Sheth,Raghav.S@example.com,181,Sanya Bhat,Sanya.B@example.com,Artificial Intelligence,Senior Professional,+914306934046
484,Idika Sodhi,Idika.S@example.com,618,Urishilla Cheema,Urishilla.C@example.com,Visual Solution,Professional,+916256795301
485,Oscar Sahota,Oscar.S@example.com,343,Gauri Varty,Gauri.V@example.com,Opus Group,Senior Professional,+910679444128
486,Jhalak Vora,Jhalak.V@example.com,917,Harrison Dash,Harrison.D@example.com,Business Management Group,Engineer,07416294179
487,Arunima Nori,Arunima.N@example.com,793,Banjeet Goyal,Banjeet.G@example.com,People Group,Staff Engineer,+912582388219
488,Eta Dhillon,Eta.D@example.com,335,Finn Wason,Finn.W@example.com,SWPL,Intern,+919345429604
489,Tanvi Parsa,Tanvi.P@example.com,991,Samesh Joshi,Samesh.J@example.com,Software Engineering,Senior Professional,01730591408
490,Sai Brahmbhatt,Sai.B@example.com,431,Azad Parekh,Azad.P@example.com,Artificial Intelligence,Intern,04282584163
491,Geetika Balakrishnan,Geetika.B@example.com,268,Aarna Issac,Aarna.I@example.com,Cloud,Intern,1567810983
492,Darsh Patla,Darsh.P@example.com,730,Veda Ramesh,Veda.R@example.com,SWPL,Senior Professional,+914753851358
493,Sanaya Verma,Sanaya.V@example.com,396,Balveer Deo,Balveer.D@example.com,SQE,Intern,+919975029526
494,Gaurika Parsa,Gaurika.P@example.com,775,Balveer Panchal,Balveer.P@example.com,Technology Strategy Group,Staff Engineer,9385976143
495,Bhavna Sarkar,Bhavna.S@example.com,865,Reyansh Bhatnagar,Reyansh.B@example.com,CP,Senior Professional,07439848225
496,Dakshesh Gole,Dakshesh.G@example.com,245,Hemani Vora,Hemani.V@example.com,System,Staff Engineer,3515014731
497,Vasana Gole,Vasana.G@example.com,97,Ijaya Iyer,Ijaya.I@example.com,SWPL,Staff Engineer,+919551859222
498,Niharika Sandal,Niharika.S@example.com,401,Kalpit Prabhakar,Kalpit.P@example.com,Artificial Intelligence,Staff Engineer,04490627821
499,Nilima Dalal,Nilima.D@example.com,110,Ojasvi Soman,Ojasvi.S@example.com,SQE,Intern,+911208699561
500,Aadhya Bath,Aadhya.B@example.com,875,Yahvi Gandhi,Yahvi.G@example.com,System,Intern,1829606458
501,Arjun Sangha,Arjun.S@example.com,203,Neel Agrawal,Neel.A@example.com,Technology Strategy Group,Professional,+912008653425
502,Janani Khalsa,Janani.K@example.com,100,Sai Peri,Sai.P@example.com,SWPL,Engineer,03417224839
503,Urvashi Uppal,Urvashi.U@example.com,408,Karan Sant,Karan.S@example.com,Visual Solution,Professional,4506760520
504,Udyati Mitter,Udyati.M@example.com,978,Lipika Devan,Lipika.D@example.com,People Group,Intern,7580409500
505,Daksha Sood,Daksha.S@example.com,966,Aarna Oak,Aarna.O@example.com,Technology Strategy Group,Engineer,06125252019
506,Dominic Doshi,Dominic.D@example.com,786,Eta Sathe,Eta.S@example.com,Technology Strategy Group,Staff Engineer,+915721836207
507,Amara Sangha,Amara.S@example.com,795,Pushti Wable,Pushti.W@example.com,Digital Health,Professional,8015880831
508,Anjali Narang,Anjali.N@example.com,404,Chandani Atwal,Chandani.A@example.com,B2B,Intern,03776425063
509,William Choudhary,William.C@example.com,15,Oviya Pal,Oviya.P@example.com,Technology Strategy Group,Senior Professional,+910391357127
510,Mekhala Sama,Mekhala.S@example.com,716,Rachita Bhatnagar,Rachita.B@example.com,Technology Strategy Group,Intern,0599312047
511,Saanvi Khosla,Saanvi.K@example.com,907,Zansi Dey,Zansi.D@example.com,Visual Solution,Professional,09545263774
512,Wazir Bora,Wazir.B@example.com,778,Qasim Pingle,Qasim.P@example.com,CP,Senior Professional,+917708228991
513,Ishani Prabhu,Ishani.P@example.com,661,Jagat Deol,Jagat.D@example.com,CP,Staff Engineer,09861424046
514,Upkaar Kalla,Upkaar.K@example.com,352,Fiyaz Seshadri,Fiyaz.S@example.com,Application,Intern,01761920213
515,Abha Gopal,Abha.G@example.com,987,Guneet Chaudhary,Guneet.C@example.com,Opus Group,Senior Professional,6874317554
516,Kamya Kapadia,Kamya.K@example.com,550,Chatresh Keer,Chatresh.K@example.com,SWPL,Intern,2374202417
517,Atharv Bahri,Atharv.B@example.com,163,Nimrat Apte,Nimrat.A@example.com,Artificial Intelligence,Engineer,09331513738
518,Abhimanyu Jayaraman,Abhimanyu.J@example.com,32,Upadhriti Buch,Upadhriti.B@example.com,Software Engineering,Staff Engineer,6935048466
519,Victor Virk,Victor.V@example.com,162,Benjamin Date,Benjamin.D@example.com,Framework,Senior Professional,0642911333
520,Divya Parekh,Divya.P@example.com,43,Sara Sen,Sara.S@example.com,B2B,Engineer,02602897829
521,Lila Dugar,Lila.D@example.com,667,Falak Mitra,Falak.M@example.com,B2B,Professional,+918345395752
522,Chakradev Nagar,Chakradev.N@example.com,786,Henry Khalsa,Henry.K@example.com,Technology Strategy Group,Senior Professional,+916968361730
523,Orinder Mangal,Orinder.M@example.com,130,Geetika Manne,Geetika.M@example.com,Artificial Intelligence,Intern,3306710544
524,Aayush Karpe,Aayush.K@example.com,787,Harsh Sidhu,Harsh.S@example.com,SWPL,Senior Professional,7152811151
525,Oliver Kannan,Oliver.K@example.com,711,Yagnesh Tata,Yagnesh.T@example.com,Application,Senior Professional,07444142737
526,Jeevika Roy,Jeevika.R@example.com,693,Brijesh Bansal,Brijesh.B@example.com,CP,Intern,08773348722
527,Hemang Nadkarni,Hemang.N@example.com,777,Upkaar Lad,Upkaar.L@example.com,People Group,Intern,03754170367
528,Turvi Kohli,Turvi.K@example.com,80,Ansh Prabhakar,Ansh.P@example.com,Digital Health,Engineer,1430354866
529,Damini Gour,Damini.G@example.com,923,Faras Yadav,Faras.Y@example.com,B2B,Engineer,+915622358317
530,Jeremiah Soman,Jeremiah.S@example.com,801,Umang Nagarajan,Umang.N@example.com,CP,Intern,+919524579250
531,Ubika Dar,Ubika.D@example.com,523,Azad Ravel,Azad.R@example.com,Visual Solution,Engineer,+919954720454
532,Krishna Sabharwal,Krishna.S@example.com,133,Sai Ray,Sai.R@example.com,SQE,Staff Engineer,+916412888043
533,Eta Rai,Eta.R@example.com,565,Reyansh D’Alia,Reyansh.D@example.com,Business Management Group,Intern,+911206790341
534,Aahana Dugal,Aahana.D@example.com,608,Raagini Sengupta,Raagini.S@example.com,CP,Senior Professional,1676200986
535,Ekavir Narasimhan,Ekavir.N@example.com,791,Rachita Dave,Rachita.D@example.com,Software Engineering,Professional,1830271004
536,Thomas Jaggi,Thomas.J@example.com,97,Ekapad Sarkar,Ekapad.S@example.com,Software Engineering,Intern,+917208292053
537,Bina Dubey,Bina.D@example.com,311,Robert Kohli,Robert.K@example.com,Framework,Intern,+913784809139
538,Abhimanyu Arya,Abhimanyu.A@example.com,278,Devansh Sanghvi,Devansh.S@example.com,SWPL,Intern,+918868436612
539,Anthony Bhatt,Anthony.B@example.com,799,Aditya Dada,Aditya.D@example.com,SWPL,Intern,9033120121
540,George Jani,George.J@example.com,624,Anmol Karnik,Anmol.K@example.com,Software Engineering,Professional,3038888571
541,Chakrika Kant,Chakrika.K@example.com,460,Nandini Chanda,Nandini.C@example.com,B2B,Staff Engineer,6354353207
542,Nilima Ranganathan,Nilima.R@example.com,760,Ishanvi Mutti,Ishanvi.M@example.com,Artificial Intelligence,Senior Professional,00673997563
543,Aryan Bhargava,Aryan.B@example.com,760,Upasna Choudhury,Upasna.C@example.com,SQE,Engineer,08783924342
544,Anita Goswami,Anita.G@example.com,695,Damini Saini,Damini.S@example.com,CP,Intern,9967945629
545,Januja Bhavsar,Januja.B@example.com,360,Aarna Borra,Aarna.B@example.com,System,Staff Engineer,+918959412151
546,Madhavi Mann,Madhavi.M@example.com,490,Praneel Grewal,Praneel.G@example.com,System,Senior Professional,+913067711256
547,Urishilla Konda,Urishilla.K@example.com,923,Nicholas Chakraborty,Nicholas.C@example.com,SWPL,Staff Engineer,3345430072
548,Arya Rattan,Arya.R@example.com,845,Saanvi Reddy,Saanvi.R@example.com,Software Engineering,Intern,04093675156
549,Reyansh Jaggi,Reyansh.J@example.com,368,Mekhala Vaidya,Mekhala.V@example.com,Technology Strategy Group,Professional,06567783638
550,Netra Choudhry,Netra.C@example.com,673,Watika Trivedi,Watika.T@example.com,Opus Group,Professional,3071543147
551,Manthan Parsa,Manthan.P@example.com,191,Xiti Bhalla,Xiti.B@example.com,Opus Group,Professional,+911888713988
552,Pahal Sarkar,Pahal.S@example.com,940,Atharv Sinha,Atharv.S@example.com,Visual Solution,Intern,03408489519
553,Chakrika Thakur,Chakrika.T@example.com,133,Rajeshri Salvi,Rajeshri.S@example.com,Application,Professional,+914236100155
554,Sathvik Ahluwalia,Sathvik.A@example.com,40,Sanaya Goel,Sanaya.G@example.com,Opus Group,Staff Engineer,01205026095
555,Teerth Sachdeva,Teerth.S@example.com,773,Jagrati Kakar,Jagrati.K@example.com,Software Engineering,Staff Engineer,+919166596392
556,Chandani Dar,Chandani.D@example.com,736,Dev Mitra,Dev.M@example.com,Software Engineering,Staff Engineer,07220976421
557,Waida Joshi,Waida.J@example.com,398,Jairaj Goda,Jairaj.G@example.com,Visual Solution,Engineer,9933088410
558,Aayush Mital,Aayush.M@example.com,27,Aarush Bhargava,Aarush.B@example.com,Digital Health,Staff Engineer,04760725911
559,Amaira Yadav,Amaira.Y@example.com,151,Yamini Kata,Yamini.K@example.com,Visual Solution,Engineer,8892259257
560,Charvi Suri,Charvi.S@example.com,507,Kai Chhabra,Kai.C@example.com,People Group,Intern,9677757825
561,Upadhriti Batra,Upadhriti.B@example.com,206,Chakradev Chada,Chakradev.C@example.com,Technology Strategy Group,Professional,+911590742626
562,Girish Dara,Girish.D@example.com,561,Tanveer Varkey,Tanveer.V@example.com,SWPL,Senior Professional,+914644007234
563,Rohan Grewal,Rohan.G@example.com,144,Yagnesh Nair,Yagnesh.N@example.com,Framework,Engineer,05628045588
564,Xavier Upadhyay,Xavier.U@example.com,555,Rayaan Krishnan,Rayaan.K@example.com,Framework,Intern,00628182245
565,Pavani Bali,Pavani.B@example.com,804,Fariq Krishna,Fariq.K@example.com,System,Intern,+914993739776
566,Aarush Boase,Aarush.B@example.com,875,Charles Ram,Charles.R@example.com,B2B,Staff Engineer,+917084097987
567,Kala Shenoy,Kala.S@example.com,839,Chakrika Choudhry,Chakrika.C@example.com,Digital Health,Senior Professional,06014669028
568,Azad Thakur,Azad.T@example.com,785,Leela Doctor,Leela.D@example.com,SWPL,Engineer,03667053959
569,Oni Sundaram,Oni.S@example.com,582,Chakradhar Bath,Chakradhar.B@example.com,Artificial Intelligence,Intern,0010497309
570,Pranav Mutti,Pranav.M@example.com,920,Yagnesh Lalla,Yagnesh.L@example.com,Framework,Engineer,+916407486120
571,Matthew Nagy,Matthew.N@example.com,769,Nachiket Sodhi,Nachiket.S@example.com,SQE,Intern,+914323689475
572,Samar Narula,Samar.N@example.com,987,Balendra Gole,Balendra.G@example.com,System,Intern,07325742638
573,Leena Lalla,Leena.L@example.com,445,Ekaraj More,Ekaraj.M@example.com,SQE,Intern,07685567355
574,Jackson Madan,Jackson.M@example.com,643,Devansh Kala,Devansh.K@example.com,Business Management Group,Staff Engineer,+912413059130
575,Yoshita Narula,Yoshita.N@example.com,584,Libni Sha,Libni.S@example.com,Application,Engineer,01580454138
576,Deepa Hayer,Deepa.H@example.com,421,Kala Loke,Kala.L@example.com,Artificial Intelligence,Staff Engineer,01334510654
577,Liam Master,Liam.M@example.com,877,Balveer Narasimhan,Balveer.N@example.com,SWPL,Professional,05887455842
578,Faras Ravel,Faras.R@example.com,444,Zansi Sankar,Zansi.S@example.com,CP,Staff Engineer,08515092712
579,Madhav Datta,Madhav.D@example.com,155,Oscar Khalsa,Oscar.K@example.com,Visual Solution,Professional,06201535418
580,Harshil Sawhney,Harshil.S@example.com,296,Timothy Chanda,Timothy.C@example.com,Cloud,Engineer,6626357702
581,Nachiket Kala,Nachiket.K@example.com,451,Damyanti Raman,Damyanti.R@example.com,Business Management Group,Intern,4950771534
582,Gaurangi Dara,Gaurangi.D@example.com,413,Yachana Behl,Yachana.B@example.com,Technology Strategy Group,Senior Professional,8361271058
583,Charvi Tank,Charvi.T@example.com,990,Veer Bhardwaj,Veer.B@example.com,Technology Strategy Group,Staff Engineer,1086392502
584,Bhavani Prabhakar,Bhavani.P@example.com,589,Veer Taneja,Veer.T@example.com,Opus Group,Intern,02093442390
585,Raagini Edwin,Raagini.E@example.com,149,Champak Solanki,Champak.S@example.com,Application,Intern,+915741820085
586,David Palan,David.P@example.com,731,Samar Cherian,Samar.C@example.com,Cloud,Engineer,+914452470529
587,Jagdish Mani,Jagdish.M@example.com,263,Sanya Chander,Sanya.C@example.com,Application,Engineer,08848463062
588,Prisha Mohanty,Prisha.M@example.com,543,Bahadurjit Baral,Bahadurjit.B@example.com,CP,Engineer,1489673632
589,Megha Keer,Megha.K@example.com,182,Peter Sarraf,Peter.S@example.com,SQE,Staff Engineer,2298974079
590,Rehaan Kale,Rehaan.K@example.com,298,Lucky Pau,Lucky.P@example.com,People Group,Staff Engineer,+916596360032
591,Faras Dhillon,Faras.D@example.com,33,Madhav Kulkarni,Madhav.K@example.com,Digital Health,Professional,+919539462651
592,Rushil Karpe,Rushil.K@example.com,214,Idika Goda,Idika.G@example.com,B2B,Professional,+919898907158
593,Ekavir Gole,Ekavir.G@example.com,449,Mahika Chadha,Mahika.C@example.com,Artificial Intelligence,Engineer,+919879927856
594,Samesh Walia,Samesh.W@example.com,354,Shivansh Mallick,Shivansh.M@example.com,Artificial Intelligence,Senior Professional,+915451579588
595,Tanveer Narain,Tanveer.N@example.com,38,Yash Barman,Yash.B@example.com,Framework,Staff Engineer,+914549248997
596,Darika Suresh,Darika.S@example.com,469,Onkar Tank,Onkar.T@example.com,Technology Strategy Group,Senior Professional,4947274827
597,Kamala Chaudhry,Kamala.C@example.com,794,Raksha Dixit,Raksha.D@example.com,Software Engineering,Staff Engineer,04973515908
598,Baghyawati Golla,Baghyawati.G@example.com,773,Sanaya Atwal,Sanaya.A@example.com,SWPL,Senior Professional,0952171668
599,Mason Dhaliwal,Mason.D@example.com,746,Abhimanyu Nayar,Abhimanyu.N@example.com,Artificial Intelligence,Engineer,6639935144
600,Faraj Memon,Faraj.M@example.com,717,Samesh Raj,Samesh.R@example.com,Business Management Group,Professional,+917679285596
601,Turvi Amble,Turvi.A@example.com,366,Pavani Halder,Pavani.H@example.com,CP,Staff Engineer,+910126868665
602,Ryan Mukherjee,Ryan.M@example.com,978,Divya Bhatnagar,Divya.B@example.com,Artificial Intelligence,Staff Engineer,+918987891495
603,Nandini Vasa,Nandini.V@example.com,141,Jairaj Kumar,Jairaj.K@example.com,Technology Strategy Group,Staff Engineer,6660444101
604,Jonathan Natarajan,Jonathan.N@example.com,230,Zayan Sundaram,Zayan.S@example.com,Framework,Staff Engineer,03096096888
605,Lekha Soni,Lekha.S@example.com,392,Samarth Gandhi,Samarth.G@example.com,Technology Strategy Group,Intern,4337482311
606,David Sehgal,David.S@example.com,755,Gautam Nigam,Gautam.N@example.com,SWPL,Professional,09371383225
607,Varsha Bail,Varsha.B@example.com,377,David Shankar,David.S@example.com,Cloud,Senior Professional,02241884429
608,Jeremiah Mital,Jeremiah.M@example.com,448,Xiti Rao,Xiti.R@example.com,Artificial Intelligence,Staff Engineer,+914309044380
609,Varenya Bansal,Varenya.B@example.com,683,Forum Biswas,Forum.B@example.com,SWPL,Professional,04974111109
610,Dhriti Narain,Dhriti.N@example.com,204,Damyanti Venkataraman,Damyanti.V@example.com,Cloud,Engineer,3829481290
611,Veda Basak,Veda.B@example.com,519,Mugdha Korpal,Mugdha.K@example.com,Business Management Group,Staff Engineer,00662875845
612,Orinder Varty,Orinder.V@example.com,768,Ijaya Prabhakar,Ijaya.P@example.com,Digital Health,Staff Engineer,1874708380
613,Anvi Dewan,Anvi.D@example.com,910,Veer Merchant,Veer.M@example.com,Digital Health,Senior Professional,8485856995
614,Faras Chander,Faras.C@example.com,79,Sai Varghese,Sai.V@example.com,Visual Solution,Professional,8259313487
615,Utkarsh Bhat,Utkarsh.B@example.com,750,Rayaan Jha,Rayaan.J@example.com,B2B,Engineer,+913761042490
616,Owen Lad,Owen.L@example.com,477,Amruta Dhingra,Amruta.D@example.com,Software Engineering,Professional,+914062736475
617,Thomas Toor,Thomas.T@example.com,21,Urishilla Deol,Urishilla.D@example.com,CP,Staff Engineer,01202551037
618,Atharv Raja,Atharv.R@example.com,331,Jonathan Sheth,Jonathan.S@example.com,Artificial Intelligence,Senior Professional,4460386017
619,Inaya Ram,Inaya.R@example.com,122,Vedhika Bhasin,Vedhika.B@example.com,Software Engineering,Engineer,0058327788
620,Anusha Bumb,Anusha.B@example.com,428,Ranveer Dugal,Ranveer.D@example.com,Framework,Senior Professional,+916153501531
621,Manan Sagar,Manan.S@example.com,791,Vrinda Magar,Vrinda.M@example.com,SQE,Intern,+912457880459
622,Ojasvi Sant,Ojasvi.S@example.com,850,Urvi Gade,Urvi.G@example.com,Cloud,Senior Professional,09827396503
623,Dakshesh Mohan,Dakshesh.M@example.com,18,Ucchal Lad,Ucchal.L@example.com,Software Engineering,Engineer,09018365280
624,Yash Dash,Yash.D@example.com,608,Theodore Ramaswamy,Theodore.R@example.com,Technology Strategy Group,Senior Professional,01099969443
625,Meera Kala,Meera.K@example.com,757,Deepa Mani,Deepa.M@example.com,Software Engineering,Intern,7307244497
626,Triya Rajagopal,Triya.R@example.com,604,Owen Prasad,Owen.P@example.com,SQE,Professional,8927860225
627,Aishani Bhalla,Aishani.B@example.com,356,Gunbir Deol,Gunbir.D@example.com,Framework,Staff Engineer,6450948676
628,Fariq Anne,Fariq.A@example.com,217,Rushil Shere,Rushil.S@example.com,Artificial Intelligence,Professional,+916930594124
629,Vaishnavi Kapur,Vaishnavi.K@example.com,267,Panini Khalsa,Panini.K@example.com,B2B,Professional,+915681850305
630,Umang Kalita,Umang.K@example.com,329,Advaith Luthra,Advaith.L@example.com,Application,Senior Professional,7171122909
631,Luke Menon,Luke.M@example.com,672,Siya Borah,Siya.B@example.com,SWPL,Engineer,+910182965237
632,Jalsa Dara,Jalsa.D@example.com,22,Irya Chaudry,Irya.C@example.com,B2B,Intern,8017149276
633,Triya Seshadri,Triya.S@example.com,306,Chasmum Bandi,Chasmum.B@example.com,B2B,Engineer,+919363395857
634,Agastya Roy,Agastya.R@example.com,319,Vaishnavi Cherian,Vaishnavi.C@example.com,System,Senior Professional,+911016840224
635,Vaishnavi Dass,Vaishnavi.D@example.com,375,Rajata Hans,Rajata.H@example.com,Framework,Senior Professional,04301098365
636,Harita Nayar,Harita.N@example.com,205,Gaurangi Rout,Gaurangi.R@example.com,Technology Strategy Group,Senior Professional,4636142975
637,Jai Chauhan,Jai.C@example.com,508,Theodore Yohannan,Theodore.Y@example.com,Software Engineering,Staff Engineer,2712718351
638,Alka Shah,Alka.S@example.com,935,Patrick Balan,Patrick.B@example.com,Digital Health,Intern,2325032283
639,Adweta Buch,Adweta.B@example.com,840,Chaitaly Sem,Chaitaly.S@example.com,Framework,Senior Professional,+917274754342
640,Isaiah Narain,Isaiah.N@example.com,824,Brinda Bobal,Brinda.B@example.com,SWPL,Engineer,+916968201974
641,Nakul Sehgal,Nakul.S@example.com,292,Aarav Aurora,Aarav.A@example.com,B2B,Intern,+914645350973
642,Lekha Kuruvilla,Lekha.K@example.com,729,Vritti Bahri,Vritti.B@example.com,Cloud,Senior Professional,7211979676
643,Jagdish Dyal,Jagdish.D@example.com,126,Victor Chadha,Victor.C@example.com,B2B,Senior Professional,+917559191237
644,Ati Sarma,Ati.S@example.com,73,Krishna Divan,Krishna.D@example.com,People Group,Intern,09268451521
645,Chanakya Parikh,Chanakya.P@example.com,476,Yadavi Bhasin,Yadavi.B@example.com,CP,Professional,05063694320
646,Hamsini Bhat,Hamsini.B@example.com,513,Jackson Rama,Jackson.R@example.com,B2B,Engineer,+918327031644
647,Tara Thakur,Tara.T@example.com,793,Yash Mittal,Yash.M@example.com,Opus Group,Senior Professional,04603726473
648,Eesha Gill,Eesha.G@example.com,762,Harish Dugal,Harish.D@example.com,Framework,Engineer,+912711707886
649,David Chana,David.C@example.com,83,Jacob Kapadia,Jacob.K@example.com,Digital Health,Professional,06130556501
650,Ryan Sen,Ryan.S@example.com,347,Zilmil Kannan,Zilmil.K@example.com,Digital Health,Staff Engineer,+911925318881
651,Benjamin Choudhry,Benjamin.C@example.com,395,Abhimanyu Kalita,Abhimanyu.K@example.com,Framework,Engineer,9990751704
652,Harish Sama,Harish.S@example.com,175,Rachit Mallick,Rachit.M@example.com,CP,Intern,08225902843
653,Raksha Nanda,Raksha.N@example.com,486,Edhitha Chowdhury,Edhitha.C@example.com,Visual Solution,Engineer,09483331711
654,Aarini Joshi,Aarini.J@example.com,872,Yuvraj Balasubramanian,Yuvraj.B@example.com,Software Engineering,Professional,1145687502
655,Indira Parekh,Indira.P@example.com,160,Gopal Deol,Gopal.D@example.com,Application,Intern,6952373572
656,Balvan Bobal,Balvan.B@example.com,376,Kai Pandya,Kai.P@example.com,Business Management Group,Professional,+916863828414
657,Mugdha Chanda,Mugdha.C@example.com,846,Hitesh Khosla,Hitesh.K@example.com,CP,Intern,+916479033731
658,Adya Dave,Adya.D@example.com,433,Zaitra Hayre,Zaitra.H@example.com,Business Management Group,Senior Professional,+911670435867
659,Ekansh Shan,Ekansh.S@example.com,406,Netra Dhaliwal,Netra.D@example.com,Opus Group,Engineer,0428824866
660,Rayaan Doctor,Rayaan.D@example.com,70,Faraj Krishna,Faraj.K@example.com,Framework,Staff Engineer,+917940066650
661,Manbir Shetty,Manbir.S@example.com,35,Mitali Bala,Mitali.B@example.com,Business Management Group,Engineer,1752637691
662,Rachit Master,Rachit.M@example.com,558,Leena Aggarwal,Leena.A@example.com,Framework,Engineer,07504339309
663,Orinder Mangat,Orinder.M@example.com,227,Gaurika Sharaf,Gaurika.S@example.com,System,Engineer,1901947841
664,Ubika Vora,Ubika.V@example.com,933,Tara Rastogi,Tara.R@example.com,Technology Strategy Group,Senior Professional,5021860044
665,Balhaar Dewan,Balhaar.D@example.com,998,Naveen Khanna,Naveen.K@example.com,Cloud,Professional,04428609071
666,Gaurika Bhakta,Gaurika.B@example.com,200,Niharika Sarin,Niharika.S@example.com,SQE,Staff Engineer,09138104147
667,Nidra Dasgupta,Nidra.D@example.com,315,Ridhi Dutta,Ridhi.D@example.com,Cloud,Professional,+911050260972
668,Fariq Kulkarni,Fariq.K@example.com,23,Yatin Barman,Yatin.B@example.com,Technology Strategy Group,Intern,02749033627
669,Lila Andra,Lila.A@example.com,905,Arunima Mukhopadhyay,Arunima.M@example.com,SWPL,Intern,8645230372
670,Aarini Bhat,Aarini.B@example.com,891,Ryan Sehgal,Ryan.S@example.com,Technology Strategy Group,Intern,06364659317
671,Wakeeta Parmar,Wakeeta.P@example.com,517,Ridhi Aurora,Ridhi.A@example.com,Artificial Intelligence,Professional,+914898990758
672,Yash Dash,Yash.D@example.com,124,Vidhi Soman,Vidhi.S@example.com,B2B,Intern,0904106929
673,Manan Dhaliwal,Manan.D@example.com,277,Dalbir Chaudhuri,Dalbir.C@example.com,Visual Solution,Professional,9752411272
674,Zaitra Kale,Zaitra.K@example.com,831,Pahal More,Pahal.M@example.com,Cloud,Engineer,+912764124528
675,Libni Lall,Libni.L@example.com,664,Lohit Sane,Lohit.S@example.com,Artificial Intelligence,Professional,06953126498
676,Qasim Borah,Qasim.B@example.com,383,Azad Chakraborty,Azad.C@example.com,Technology Strategy Group,Staff Engineer,+917656207467
677,Yashasvi Ray,Yashasvi.R@example.com,76,Yashodhara Narang,Yashodhara.N@example.com,Business Management Group,Senior Professional,+918673506021
678,Samar Dhingra,Samar.D@example.com,888,Chanchal Kurian,Chanchal.K@example.com,SWPL,Professional,+917317867605
679,Saumya Sant,Saumya.S@example.com,648,Bhavika Gulati,Bhavika.G@example.com,CP,Professional,+913544746451
680,Ira Oommen,Ira.O@example.com,930,Elijah Mall,Elijah.M@example.com,Technology Strategy Group,Professional,07152228053
681,Ekiya Bhakta,Ekiya.B@example.com,500,Harini Narayanan,Harini.N@example.com,Cloud,Engineer,02004539022
682,Yochana Upadhyay,Yochana.U@example.com,422,Isaiah Puri,Isaiah.P@example.com,Technology Strategy Group,Professional,03314707646
683,Mohammed Grover,Mohammed.G@example.com,890,Zansi Andra,Zansi.A@example.com,Digital Health,Intern,00596365337
684,Lipika Lanka,Lipika.L@example.com,198,Ikshita Prabhakar,Ikshita.P@example.com,B2B,Senior Professional,+919566982385
685,Jonathan Nori,Jonathan.N@example.com,283,Ikbal Naidu,Ikbal.N@example.com,CP,Senior Professional,04740267674
686,Mahika Konda,Mahika.K@example.com,69,Wridesh Walla,Wridesh.W@example.com,SWPL,Professional,00658680617
687,Jacob Singh,Jacob.S@example.com,196,Abdul Mand,Abdul.M@example.com,Cloud,Staff Engineer,+913868428191
688,Onkar Sachar,Onkar.S@example.com,645,Advaith Raju,Advaith.R@example.com,B2B,Engineer,+912245824398
689,Urvashi Bumb,Urvashi.B@example.com,884,Wridesh Narain,Wridesh.N@example.com,Application,Professional,+911722634748
690,Kai Mody,Kai.M@example.com,596,Omaja Bawa,Omaja.B@example.com,CP,Senior Professional,+911877838687
691,Lohit Kothari,Lohit.K@example.com,368,Bahadurjit Kurian,Bahadurjit.K@example.com,B2B,Engineer,1264825579
692,Zaitra Savant,Zaitra.S@example.com,323,Aarini Suresh,Aarini.S@example.com,Application,Staff Engineer,7517886620
693,Anita Chahal,Anita.C@example.com,988,Joshua Chauhan,Joshua.C@example.com,Technology Strategy Group,Staff Engineer,6560774137
694,Umang Suresh,Umang.S@example.com,164,Nitesh Pathak,Nitesh.P@example.com,Software Engineering,Staff Engineer,1505703300
695,Arya Minhas,Arya.M@example.com,476,Noah Balan,Noah.B@example.com,People Group,Intern,8564610537
696,Anika Banik,Anika.B@example.com,967,Samesh Gole,Samesh.G@example.com,System,Senior Professional,09033470449
697,Oni Thakur,Oni.T@example.com,111,Sudiksha Thakkar,Sudiksha.T@example.com,Artificial Intelligence,Professional,04731522925
698,Aashi Khanna,Aashi.K@example.com,754,Meera Roy,Meera.R@example.com,Artificial Intelligence,Intern,+913418375043
699,Chanchal Suri,Chanchal.S@example.com,482,Anusha Mital,Anusha.M@example.com,People Group,Senior Professional,+910328651324
700,Arjun Saraf,Arjun.S@example.com,379,Anya Sawhney,Anya.S@example.com,B2B,Engineer,04501031689
701,Urvashi Sha,Urvashi.S@example.com,712,Indali Kurian,Indali.K@example.com,Artificial Intelligence,Engineer,2959890380
702,Suhani Lanka,Suhani.L@example.com,207,Panini Kamdar,Panini.K@example.com,CP,Staff Engineer,+918566535670
703,Suhani Varkey,Suhani.V@example.com,667,Omisha Issac,Omisha.I@example.com,People Group,Senior Professional,+919916173141
704,Fiyaz Pai,Fiyaz.P@example.com,587,Abhimanyu Jain,Abhimanyu.J@example.com,Artificial Intelligence,Professional,05636018114
705,Devansh Chandran,Devansh.C@example.com,64,Tarak Khalsa,Tarak.K@example.com,Business Management Group,Professional,09578852810
706,Quincy Bala,Quincy.B@example.com,10,Chameli Shenoy,Chameli.S@example.com,Framework,Engineer,+910649022732
707,Vasana Borde,Vasana.B@example.com,146,Chakrika Verma,Chakrika.V@example.com,Artificial Intelligence,Staff Engineer,05584541975
708,Darpan Dugar,Darpan.D@example.com,539,Karan Dey,Karan.D@example.com,Visual Solution,Intern,+916525439107
709,Reyansh Prabhakar,Reyansh.P@example.com,610,Lakshmi Thakur,Lakshmi.T@example.com,Technology Strategy Group,Senior Professional,03017917585
710,Indali Joshi,Indali.J@example.com,95,Orinder Kadakia,Orinder.K@example.com,Application,Senior Professional,00632692432
711,Vamakshi Varma,Vamakshi.V@example.com,657,Maya Kapur,Maya.K@example.com,Artificial Intelligence,Staff Engineer,8729334994
712,Zashil Srinivas,Zashil.S@example.com,719,Girish Bakshi,Girish.B@example.com,Framework,Senior Professional,+912991706533
713,Thomas Balakrishnan,Thomas.B@example.com,855,Lajita Shere,Lajita.S@example.com,Technology Strategy Group,Engineer,0206160945
714,Ikshita Puri,Ikshita.P@example.com,15,Nidra Loke,Nidra.L@example.com,Opus Group,Staff Engineer,+913172750831
715,Leena Sarna,Leena.S@example.com,634,Vaishnavi Agarwal,Vaishnavi.A@example.com,CP,Professional,7576366635
716,Balvan Handa,Balvan.H@example.com,52,Gagan Rajagopalan,Gagan.R@example.com,Technology Strategy Group,Senior Professional,+916114061483
717,Yatan Sane,Yatan.S@example.com,745,Vasudha Ravel,Vasudha.R@example.com,Application,Engineer,+918650200452
718,Orinder Dayal,Orinder.D@example.com,832,Azaan Ratta,Azaan.R@example.com,Visual Solution,Intern,+913046957803
719,Brinda Shere,Brinda.S@example.com,524,Ekbal Sampath,Ekbal.S@example.com,Opus Group,Staff Engineer,09510057283
720,Triya Dhawan,Triya.D@example.com,629,Ekiya Kashyap,Ekiya.K@example.com,SQE,Intern,1689336632
721,Sachi Kuruvilla,Sachi.K@example.com,228,Siya Dayal,Siya.D@example.com,Framework,Senior Professional,00039480885
722,Qadim Lanka,Qadim.L@example.com,689,Bhavini Krishnamurthy,Bhavini.K@example.com,SQE,Staff Engineer,5586150552
723,Aahana Vohra,Aahana.V@example.com,642,Kritika Sane,Kritika.S@example.com,Opus Group,Intern,+914019759822
724,Chatura Dhingra,Chatura.D@example.com,381,Advik Virk,Advik.V@example.com,Software Engineering,Professional,1941275500
725,Mahika Varughese,Mahika.V@example.com,887,Lavanya Upadhyay,Lavanya.U@example.com,Technology Strategy Group,Senior Professional,+917752613941
726,Advaith Sawhney,Advaith.S@example.com,799,Jeremiah Badami,Jeremiah.B@example.com,Artificial Intelligence,Intern,6493162765
727,Abdul Venkatesh,Abdul.V@example.com,31,Aarnav Parekh,Aarnav.P@example.com,Digital Health,Staff Engineer,00265743646
728,Harita Bhatnagar,Harita.B@example.com,571,Dhruv Dasgupta,Dhruv.D@example.com,System,Intern,+910962736730
729,Bishakha Dutta,Bishakha.D@example.com,11,Hemal Talwar,Hemal.T@example.com,System,Professional,+916218910789
730,Ayush Lall,Ayush.L@example.com,812,Deepa Swamy,Deepa.S@example.com,Artificial Intelligence,Senior Professional,+912565236895
731,Aadhya Jani,Aadhya.J@example.com,43,Xiti Upadhyay,Xiti.U@example.com,Digital Health,Senior Professional,0233248452
732,Mason Sarraf,Mason.S@example.com,7,Balhaar Misra,Balhaar.M@example.com,Technology Strategy Group,Intern,+914348018648
733,Chasmum Chadha,Chasmum.C@example.com,550,Aarav Mannan,Aarav.M@example.com,Business Management Group,Engineer,+919365660983
734,Charan Date,Charan.D@example.com,966,Januja Shroff,Januja.S@example.com,CP,Staff Engineer,8168019568
735,Isha Dora,Isha.D@example.com,108,Avni Krish,Avni.K@example.com,Opus Group,Intern,0862311048
736,Radha Aggarwal,Radha.A@example.com,232,Falan Choudhary,Falan.C@example.com,B2B,Staff Engineer,3368937240
737,Lipika Nayak,Lipika.N@example.com,292,Jeremiah Mani,Jeremiah.M@example.com,B2B,Staff Engineer,04673052643
738,Bina Pillai,Bina.P@example.com,568,Gaurav Mitra,Gaurav.M@example.com,Business Management Group,Senior Professional,09389022993
739,Arya Borde,Arya.B@example.com,283,Vedhika Baral,Vedhika.B@example.com,Cloud,Staff Engineer,3110830912
740,Yoshita Sarna,Yoshita.S@example.com,544,Qushi Kakar,Qushi.K@example.com,Technology Strategy Group,Staff Engineer,7919662484
741,Odika Chaudhari,Odika.C@example.com,101,Lohit Dyal,Lohit.D@example.com,Technology Strategy Group,Intern,0839775014
742,Ishaan Natt,Ishaan.N@example.com,699,Aishani Mitra,Aishani.M@example.com,B2B,Professional,05358230624
743,Lucky Tandon,Lucky.T@example.com,810,Hemani Kibe,Hemani.K@example.com,Software Engineering,Intern,07891239926
744,Samesh Apte,Samesh.A@example.com,118,Krish Deep,Krish.D@example.com,Application,Engineer,+919311452396
745,Xalak Lanka,Xalak.L@example.com,175,Eta Hari,Eta.H@example.com,System,Senior Professional,+918912050905
746,Rajata Jain,Rajata.J@example.com,80,Omisha Dube,Omisha.D@example.com,Cloud,Intern,07020540312
747,Thomas Sarin,Thomas.S@example.com,708,Aradhana Basak,Aradhana.B@example.com,Opus Group,Senior Professional,01207320282
748,Matthew Rattan,Matthew.R@example.com,354,Gunbir Thakur,Gunbir.T@example.com,Visual Solution,Professional,0114648783
749,Ganga Majumdar,Ganga.M@example.com,31,Nachiket Pai,Nachiket.P@example.com,Technology Strategy Group,Professional,9398776789
750,Manya Dyal,Manya.D@example.com,976,Leena Tripathi,Leena.T@example.com,Cloud,Intern,02563834675
751,Anya Barad,Anya.B@example.com,974,Bachittar Mallick,Bachittar.M@example.com,B2B,Staff Engineer,01850656108
752,Girish Shukla,Girish.S@example.com,489,Anamika Dutta,Anamika.D@example.com,SWPL,Professional,1903497338
753,Rudra Singh,Rudra.S@example.com,330,Priya Venkataraman,Priya.V@example.com,Digital Health,Senior Professional,07200424261
754,Chakradhar Sarin,Chakradhar.S@example.com,513,Bishakha Atwal,Bishakha.A@example.com,Technology Strategy Group,Engineer,6340779656
755,Sai Gara,Sai.G@example.com,386,Pranit Parsa,Pranit.P@example.com,Framework,Senior Professional,09404448369
756,Dhruv Hegde,Dhruv.H@example.com,350,Gayathri Nori,Gayathri.N@example.com,Digital Health,Senior Professional,09990314585
757,Yadavi Vala,Yadavi.V@example.com,73,Nandini Kanda,Nandini.K@example.com,Technology Strategy Group,Staff Engineer,08391474475
758,Bina Mane,Bina.M@example.com,748,Nirja Bhardwaj,Nirja.B@example.com,Cloud,Staff Engineer,+911669245239
759,Mitali Sarma,Mitali.S@example.com,291,Jasmit Kibe,Jasmit.K@example.com,Opus Group,Professional,03945357327
760,Sarthak Merchant,Sarthak.M@example.com,842,Ekaja Dayal,Ekaja.D@example.com,Technology Strategy Group,Senior Professional,+919897578359
761,Qushi Chakrabarti,Qushi.C@example.com,722,Tripti Merchant,Tripti.M@example.com,Artificial Intelligence,Intern,8838130660
762,Advaith Sathe,Advaith.S@example.com,990,Vyanjana Saraf,Vyanjana.S@example.com,SWPL,Professional,+915359784966
763,Tamanna Aggarwal,Tamanna.A@example.com,122,Girish Prabhakar,Girish.P@example.com,B2B,Senior Professional,00282947952
764,Wakeeta Radhakrishnan,Wakeeta.R@example.com,593,Azad Borah,Azad.B@example.com,B2B,Staff Engineer,04731536428
765,Faqid Kanda,Faqid.K@example.com,282,Amruta Sundaram,Amruta.S@example.com,Opus Group,Engineer,9587749179
766,Lekha Sarraf,Lekha.S@example.com,507,Utkarsh Tella,Utkarsh.T@example.com,Visual Solution,Engineer,01570917167
767,Timothy Prashad,Timothy.P@example.com,608,Hredhaan Chhabra,Hredhaan.C@example.com,B2B,Staff Engineer,09673828838
768,Ekta Kari,Ekta.K@example.com,495,Vedika Arora,Vedika.A@example.com,Business Management Group,Senior Professional,5909979314
769,Faris Patil,Faris.P@example.com,426,Bhanumati Aggarwal,Bhanumati.A@example.com,Framework,Senior Professional,+910993805834
770,Nidra Barad,Nidra.B@example.com,288,Ranveer Saini,Ranveer.S@example.com,Framework,Senior Professional,04624149878
771,Balveer Palla,Balveer.P@example.com,758,Jackson Kala,Jackson.K@example.com,B2B,Professional,06075811703
772,Pratyush Mandal,Pratyush.M@example.com,342,Balvan Rastogi,Balvan.R@example.com,Framework,Staff Engineer,+918846789196
773,Gautam Doctor,Gautam.D@example.com,828,Benjamin Ramesh,Benjamin.R@example.com,Framework,Senior Professional,02418414659
774,Yug Shah,Yug.S@example.com,8,Xalak Sachar,Xalak.S@example.com,Cloud,Senior Professional,+915012369377
775,Chandresh De,Chandresh.D@example.com,164,Girik Ganesh,Girik.G@example.com,B2B,Senior Professional,08045184853
776,Urmi Bahri,Urmi.B@example.com,393,Raghav Master,Raghav.M@example.com,B2B,Staff Engineer,+914036045899
777,Agastya Wali,Agastya.W@example.com,393,Gautami Hayer,Gautami.H@example.com,Cloud,Senior Professional,+914129139917
778,Waida Krishnamurthy,Waida.K@example.com,558,Harsh Tandon,Harsh.T@example.com,Artificial Intelligence,Staff Engineer,3468315095
779,Jacob Mani,Jacob.M@example.com,393,Eesha Raman,Eesha.R@example.com,Technology Strategy Group,Engineer,0775113638
780,Samaksh Goda,Samaksh.G@example.com,677,Farhan Kale,Farhan.K@example.com,Digital Health,Staff Engineer,+916790793861
781,Madhav Nayar,Madhav.N@example.com,700,Xavier Prashad,Xavier.P@example.com,System,Intern,07837593669
782,Rachita Patla,Rachita.P@example.com,875,William Narayan,William.N@example.com,Application,Intern,+910859960024
783,Gabriel D’Alia,Gabriel.D@example.com,539,Ishanvi Keer,Ishanvi.K@example.com,Artificial Intelligence,Engineer,2441721414
784,Nisha Parsa,Nisha.P@example.com,751,Kavya Sethi,Kavya.S@example.com,SWPL,Engineer,+915683636952
785,Daksh Sule,Daksh.S@example.com,358,Lakshmi Sridhar,Lakshmi.S@example.com,Application,Senior Professional,00867768574
786,Darpan Setty,Darpan.S@example.com,369,Rohan Nagar,Rohan.N@example.com,System,Engineer,+916803944624
787,Nitara Dara,Nitara.D@example.com,330,Daniel Ravel,Daniel.R@example.com,CP,Staff Engineer,+914474702598
788,Jackson Handa,Jackson.H@example.com,678,Amaira Mittal,Amaira.M@example.com,CP,Professional,2868657751
789,Maanas Merchant,Maanas.M@example.com,468,Patrick Mandal,Patrick.M@example.com,Opus Group,Senior Professional,4545198171
790,Nirja Sankaran,Nirja.S@example.com,173,Indali Thakur,Indali.T@example.com,Opus Group,Senior Professional,00696307645
791,Tejas Kalita,Tejas.K@example.com,991,Farhan Ganesh,Farhan.G@example.com,Visual Solution,Engineer,2666270704
792,Rehaan Prabhu,Rehaan.P@example.com,418,Manya Rai,Manya.R@example.com,Software Engineering,Professional,+918977647727
793,Yoshita Upadhyay,Yoshita.U@example.com,6,Urvashi Menon,Urvashi.M@example.com,Technology Strategy Group,Professional,03544758891
794,Gayathri Pillai,Gayathri.P@example.com,362,Unni Lala,Unni.L@example.com,System,Intern,+913056557016
795,Ekapad Chaudhuri,Ekapad.C@example.com,91,Sanya Kalita,Sanya.K@example.com,CP,Staff Engineer,9806894131
796,Rajata Barad,Rajata.B@example.com,356,Harish Pant,Harish.P@example.com,Business Management Group,Intern,03310153511
797,Jagat Morar,Jagat.M@example.com,612,Hemangini Kamdar,Hemangini.K@example.com,Business Management Group,Engineer,02268740999
798,Devansh Natt,Devansh.N@example.com,277,Sudiksha Doctor,Sudiksha.D@example.com,Digital Health,Engineer,+918814656388
799,Arunima Bhagat,Arunima.B@example.com,767,Banjeet Khosla,Banjeet.K@example.com,System,Senior Professional,0286865303
800,Harrison Kakar,Harrison.K@example.com,745,Avi Wason,Avi.W@example.com,CP,Staff Engineer,06276074496
801,Lakshit Kashyap,Lakshit.K@example.com,828,Saumya Sehgal,Saumya.S@example.com,Cloud,Professional,+918096079652
802,Vanya Jayaraman,Vanya.J@example.com,725,Laksh Oza,Laksh.O@example.com,Business Management Group,Staff Engineer,03140246569
803,Harita Desai,Harita.D@example.com,130,Adya Babu,Adya.B@example.com,Technology Strategy Group,Staff Engineer,05598375940
804,Hema Mutti,Hema.M@example.com,485,Chaitanya Mahal,Chaitanya.M@example.com,Software Engineering,Staff Engineer,09713450255
805,Yashodhara Pradhan,Yashodhara.P@example.com,420,Maanas Luthra,Maanas.L@example.com,Application,Professional,06328813363
806,Shravya Mannan,Shravya.M@example.com,588,Aryan Vyas,Aryan.V@example.com,Software Engineering,Engineer,01716111157
807,Fiyaz Ahuja,Fiyaz.A@example.com,674,Harrison Datta,Harrison.D@example.com,Framework,Intern,7345382112
808,Patrick Merchant,Patrick.M@example.com,277,Lipika Narula,Lipika.N@example.com,Business Management Group,Intern,+911831540711
809,Charan Srinivasan,Charan.S@example.com,177,Daksha Sekhon,Daksha.S@example.com,Application,Intern,+910736866738
810,Rachana Ram,Rachana.R@example.com,780,Manthan Sathe,Manthan.S@example.com,B2B,Engineer,09368070265
811,Arin Pathak,Arin.P@example.com,819,Hritik Mander,Hritik.M@example.com,System,Senior Professional,06166376957
812,Amara Bir,Amara.B@example.com,110,Sneha Dani,Sneha.D@example.com,System,Professional,+912617070718
813,Kala Dar,Kala.D@example.com,846,Veer Sibal,Veer.S@example.com,People Group,Intern,+917182753093
814,Mahika Verma,Mahika.V@example.com,3,Lipika Doshi,Lipika.D@example.com,Framework,Intern,4615691506
815,Tanay Guha,Tanay.G@example.com,326,Ryan Raj,Ryan.R@example.com,Business Management Group,Intern,+915217123419
816,Liam Rastogi,Liam.R@example.com,290,Naksh Kohli,Naksh.K@example.com,SQE,Staff Engineer,08811292555
817,Gaurika Oza,Gaurika.O@example.com,412,Sanya Grover,Sanya.G@example.com,People Group,Intern,08104486655
818,Kavya Balan,Kavya.B@example.com,156,Pahal Dhawan,Pahal.D@example.com,Visual Solution,Intern,02430673361
819,Brijesh Dyal,Brijesh.D@example.com,467,Madhavi Arya,Madhavi.A@example.com,Technology Strategy Group,Senior Professional,+913018894139
820,Vedika Shan,Vedika.S@example.com,198,Jagvi Shan,Jagvi.S@example.com,Application,Staff Engineer,07499480469
821,Dalbir Halder,Dalbir.H@example.com,440,Jeremiah Sandhu,Jeremiah.S@example.com,SWPL,Staff Engineer,7221259970
822,Omaja Kadakia,Omaja.K@example.com,346,Kashvi Dara,Kashvi.D@example.com,Application,Staff Engineer,01847066757
823,Elijah Bhatt,Elijah.B@example.com,678,Anita Rout,Anita.R@example.com,Application,Professional,+910335879742
824,Alexander Krish,Alexander.K@example.com,32,Michael Bhasin,Michael.B@example.com,CP,Senior Professional,4750554421
825,Pranit Ganesan,Pranit.G@example.com,409,Lajita Borah,Lajita.B@example.com,Framework,Intern,02438477496
826,Udyati Chander,Udyati.C@example.com,198,Dalbir Sibal,Dalbir.S@example.com,B2B,Intern,07656467940
827,Samesh Sinha,Samesh.S@example.com,264,Jagrati Pandya,Jagrati.P@example.com,Technology Strategy Group,Engineer,08680352865
828,Kamala Agarwal,Kamala.A@example.com,494,Jatin Rajagopalan,Jatin.R@example.com,Artificial Intelligence,Senior Professional,0788418123
829,Barkha Kara,Barkha.K@example.com,173,Falan Dar,Falan.D@example.com,People Group,Intern,05035138588
830,Onkar Agrawal,Onkar.A@example.com,134,Advika Mammen,Advika.M@example.com,Technology Strategy Group,Professional,3116840205
831,Yoshita Sandal,Yoshita.S@example.com,725,Daksh Handa,Daksh.H@example.com,Opus Group,Engineer,2347834423
832,Ekaraj Doctor,Ekaraj.D@example.com,504,Harini Nigam,Harini.N@example.com,SWPL,Senior Professional,+910980743714
833,Alka Nazareth,Alka.N@example.com,567,Meghana Mann,Meghana.M@example.com,Opus Group,Intern,2443862558
834,Manbir Lala,Manbir.L@example.com,946,Yasti Bhavsar,Yasti.B@example.com,Cloud,Professional,09068002652
835,Maya Chahal,Maya.C@example.com,722,Bhavika Nath,Bhavika.N@example.com,B2B,Staff Engineer,04361704931
836,Rajeshri Bir,Rajeshri.B@example.com,297,Pranit Narayan,Pranit.N@example.com,SQE,Intern,04339318934
837,Falak Contractor,Falak.C@example.com,994,Nitesh Handa,Nitesh.H@example.com,SQE,Engineer,+918551715610
838,Onveer Tripathi,Onveer.T@example.com,570,Balvan Soman,Balvan.S@example.com,Technology Strategy Group,Professional,8443819477
839,Jagdish Dua,Jagdish.D@example.com,167,Daniel Manne,Daniel.M@example.com,Artificial Intelligence,Engineer,5969375502
840,Orinder Bakshi,Orinder.B@example.com,551,Chameli Vaidya,Chameli.V@example.com,CP,Staff Engineer,1869286733
841,Joshua Balakrishnan,Joshua.B@example.com,796,Anay Dave,Anay.D@example.com,CP,Engineer,08480044657
842,Arunima Oza,Arunima.O@example.com,235,Falguni Garde,Falguni.G@example.com,SQE,Senior Professional,09613482852
843,Ojasvi Khanna,Ojasvi.K@example.com,191,Advika Sheth,Advika.S@example.com,Framework,Senior Professional,+919004300544
844,Samesh Nadig,Samesh.N@example.com,249,Nikita Borra,Nikita.B@example.com,Framework,Professional,+915176444705
845,Deepa Kunda,Deepa.K@example.com,212,Bachittar Som,Bachittar.S@example.com,Artificial Intelligence,Professional,+912178684390
846,Turvi Nayar,Turvi.N@example.com,264,Januja Jha,Januja.J@example.com,System,Senior Professional,+916939646917
847,Mohini Bali,Mohini.B@example.com,490,Chaitaly Pal,Chaitaly.P@example.com,Technology Strategy Group,Intern,2794650758
848,Teerth Thakkar,Teerth.T@example.com,432,Vasudha Bala,Vasudha.B@example.com,System,Staff Engineer,08887355655
849,Riya Lata,Riya.L@example.com,379,Gautami Kala,Gautami.K@example.com,System,Intern,2703743242
850,Orinder Mitra,Orinder.M@example.com,149,Watika Sawhney,Watika.S@example.com,B2B,Professional,01062813385
851,Jai Bhasin,Jai.B@example.com,501,Banjeet Yogi,Banjeet.Y@example.com,B2B,Intern,02941310350
852,Adya Chanda,Adya.C@example.com,910,Leena Sarkar,Leena.S@example.com,CP,Staff Engineer,7013724879
853,Avni Swaminathan,Avni.S@example.com,460,Pushti Soni,Pushti.S@example.com,Cloud,Intern,05129053384
854,Nathan Kant,Nathan.K@example.com,60,Siddharth Mishra,Siddharth.M@example.com,B2B,Engineer,9657661296
855,Arin Reddy,Arin.R@example.com,608,Unni Lad,Unni.L@example.com,System,Engineer,+915419329394
856,Vincent Iyer,Vincent.I@example.com,816,Hiral Koshy,Hiral.K@example.com,Visual Solution,Staff Engineer,05895887109
857,Urmi Divan,Urmi.D@example.com,714,Lakshmi Koshy,Lakshmi.K@example.com,Cloud,Professional,06883865000
858,Saanvi Thaman,Saanvi.T@example.com,831,Caleb Dhaliwal,Caleb.D@example.com,Application,Engineer,02900672062
859,Ronith Kannan,Ronith.K@example.com,589,Dhriti Bora,Dhriti.B@example.com,People Group,Engineer,+915555823785
860,Qasim Dhingra,Qasim.D@example.com,71,Ayaan Kumar,Ayaan.K@example.com,CP,Staff Engineer,+913030975140
861,Harita Suresh,Harita.S@example.com,318,Ansh Anne,Ansh.A@example.com,Software Engineering,Intern,8085586188
862,Shravya Bhat,Shravya.B@example.com,464,Triveni Dada,Triveni.D@example.com,Visual Solution,Staff Engineer,1082019209
863,Urvi Varty,Urvi.V@example.com,520,Noah Sunder,Noah.S@example.com,SQE,Professional,9319277977
864,Vivaan Swaminathan,Vivaan.S@example.com,990,Avi Ravi,Avi.R@example.com,SQE,Professional,+913949358945
865,Sathvik Naidu,Sathvik.N@example.com,599,Charan Jani,Charan.J@example.com,Visual Solution,Staff Engineer,+918162902699
866,Osha Sem,Osha.S@example.com,538,Alexander Ramakrishnan,Alexander.R@example.com,System,Staff Engineer,03748967610
867,Elijah Ghose,Elijah.G@example.com,718,Christopher Yohannan,Christopher.Y@example.com,Framework,Engineer,+913037989533
868,Gayathri Krishnan,Gayathri.K@example.com,342,Abdul Trivedi,Abdul.T@example.com,Visual Solution,Senior Professional,07886887990
869,Damyanti Gokhale,Damyanti.G@example.com,698,Nilima Verma,Nilima.V@example.com,SQE,Staff Engineer,3718974924
870,Triveni Chacko,Triveni.C@example.com,799,Bhavya Wable,Bhavya.W@example.com,Digital Health,Intern,+919935158935
871,Vihaan Jhaveri,Vihaan.J@example.com,617,Pushti Narang,Pushti.N@example.com,Digital Health,Engineer,+913304614354
872,Gavin Handa,Gavin.H@example.com,278,Prisha Ghose,Prisha.G@example.com,Technology Strategy Group,Intern,8945393607
873,Rajeshri Buch,Rajeshri.B@example.com,691,Faras Mangal,Faras.M@example.com,Visual Solution,Staff Engineer,3187154750
874,Warinder Nanda,Warinder.N@example.com,465,Ridhi Purohit,Ridhi.P@example.com,Opus Group,Engineer,3571184606
875,Gopal Balay,Gopal.B@example.com,994,Girish Uppal,Girish.U@example.com,Opus Group,Engineer,2229169185
876,Pavani Bora,Pavani.B@example.com,994,Fitan Bhatnagar,Fitan.B@example.com,B2B,Engineer,01465756538
877,Lohit Balay,Lohit.B@example.com,873,Gautam Kurian,Gautam.K@example.com,Cloud,Senior Professional,0133189790
878,Jack Basak,Jack.B@example.com,266,Balhaar Taneja,Balhaar.T@example.com,People Group,Intern,2725436310
879,Gautami Zacharia,Gautami.Z@example.com,689,Pranav Deshmukh,Pranav.D@example.com,B2B,Senior Professional,8029857471
880,Manbir Sen,Manbir.S@example.com,138,Nisha Master,Nisha.M@example.com,Application,Intern,+916069638832
881,Tanish Varughese,Tanish.V@example.com,937,Brinda Bali,Brinda.B@example.com,Artificial Intelligence,Intern,5416164988
882,Sathvik Nayak,Sathvik.N@example.com,458,Jhalak Chanda,Jhalak.C@example.com,Application,Intern,08813589974
883,Forum Issac,Forum.I@example.com,688,Reva Badal,Reva.B@example.com,Artificial Intelligence,Professional,3473810456
884,Advay Purohit,Advay.P@example.com,165,Faraj Jayaraman,Faraj.J@example.com,Technology Strategy Group,Senior Professional,+917398035047
885,Sai Mangal,Sai.M@example.com,50,Ojas Magar,Ojas.M@example.com,Digital Health,Intern,+915432300939
886,Anirudh Kamdar,Anirudh.K@example.com,866,Bachittar Anne,Bachittar.A@example.com,Visual Solution,Senior Professional,+919000940901
887,Wahab Ganesh,Wahab.G@example.com,181,Garima Narayanan,Garima.N@example.com,Opus Group,Professional,+910502404004
888,Darika Minhas,Darika.M@example.com,985,Varenya Saha,Varenya.S@example.com,Digital Health,Intern,4774817605
889,Amol Deol,Amol.D@example.com,174,Pranav Varty,Pranav.V@example.com,Application,Senior Professional,02906935020
890,Irya Ghosh,Irya.G@example.com,89,Gagan Bhavsar,Gagan.B@example.com,Digital Health,Engineer,6276237739
891,Eshana Talwar,Eshana.T@example.com,835,Fariq Tandon,Fariq.T@example.com,Opus Group,Intern,00293657419
892,Jonathan Taneja,Jonathan.T@example.com,910,Maanas Mammen,Maanas.M@example.com,System,Senior Professional,06232204419
893,Warjas Wadhwa,Warjas.W@example.com,78,Nirja Koshy,Nirja.K@example.com,Artificial Intelligence,Intern,09784888202
894,Nirja Dave,Nirja.D@example.com,44,Rudra Dora,Rudra.D@example.com,Technology Strategy Group,Intern,+912190582632
895,Jatin Baral,Jatin.B@example.com,83,Vasudha Goel,Vasudha.G@example.com,B2B,Engineer,+915974149499
896,Advay Goswami,Advay.G@example.com,106,Aashi Kalita,Aashi.K@example.com,Digital Health,Engineer,8246102258
897,Ronith Bawa,Ronith.B@example.com,905,Mahika Wali,Mahika.W@example.com,System,Senior Professional,0785042063
898,Jhalak Khare,Jhalak.K@example.com,83,Yashvi Tata,Yashvi.T@example.com,Opus Group,Intern,05037102976
899,Anay Naik,Anay.N@example.com,635,Dalbir Edwin,Dalbir.E@example.com,People Group,Intern,6513831617
900,Balhaar Thakur,Balhaar.T@example.com,246,Yug Agarwal,Yug.A@example.com,Framework,Staff Engineer,1869788888
901,Nikita Butala,Nikita.B@example.com,773,Anirudh Wali,Anirudh.W@example.com,Business Management Group,Intern,+914466539754
902,Manbir Manne,Manbir.M@example.com,307,Sudiksha Tara,Sudiksha.T@example.com,System,Staff Engineer,+912696909959
903,Kamala Batta,Kamala.B@example.com,546,Hritik Lad,Hritik.L@example.com,Technology Strategy Group,Senior Professional,+919391415768
904,Waida Hegde,Waida.H@example.com,676,Chatresh Bhargava,Chatresh.B@example.com,Digital Health,Engineer,01807105204
905,Caleb Gill,Caleb.G@example.com,428,Isaiah Bhat,Isaiah.B@example.com,Artificial Intelligence,Staff Engineer,+917067845017
906,Radha Kibe,Radha.K@example.com,351,Anthony Bhavsar,Anthony.B@example.com,Digital Health,Intern,+910260711732
907,Thomas Mahajan,Thomas.M@example.com,269,Isha Khanna,Isha.K@example.com,Framework,Professional,09925265605
908,Owen Krishna,Owen.K@example.com,571,Wyatt Dhillon,Wyatt.D@example.com,Cloud,Staff Engineer,08858281335
909,Devika Ben,Devika.B@example.com,691,Bhanumati Bobal,Bhanumati.B@example.com,B2B,Staff Engineer,2537179861
910,Watika Kaur,Watika.K@example.com,824,Gavin Suresh,Gavin.S@example.com,CP,Intern,08025219633
911,Yug Arora,Yug.A@example.com,874,Wridesh Nori,Wridesh.N@example.com,CP,Intern,07702350259
912,Tejas Choudhary,Tejas.C@example.com,381,Chameli Madan,Chameli.M@example.com,SQE,Professional,00553644399
913,Balhaar Madan,Balhaar.M@example.com,978,Leena Narasimhan,Leena.N@example.com,Cloud,Staff Engineer,01485276091
914,Amol Jain,Amol.J@example.com,958,Pooja Dugar,Pooja.D@example.com,Cloud,Staff Engineer,8743385740
915,Champak Dhaliwal,Champak.D@example.com,856,Libni Sanghvi,Libni.S@example.com,Opus Group,Staff Engineer,8399574659
916,Kai Chauhan,Kai.C@example.com,584,Charvi Loke,Charvi.L@example.com,CP,Senior Professional,5421649300
917,Garima Sha,Garima.S@example.com,863,Simon Vora,Simon.V@example.com,Cloud,Engineer,0709678096
918,Yatin Gopal,Yatin.G@example.com,457,Ladli Divan,Ladli.D@example.com,Technology Strategy Group,Intern,+912888239950
919,Vincent Deo,Vincent.D@example.com,801,Gauri Nigam,Gauri.N@example.com,Opus Group,Staff Engineer,+915050330560
920,Akshay Pandit,Akshay.P@example.com,901,Hemang Tripathi,Hemang.T@example.com,CP,Senior Professional,7857509843
921,Ryan Gala,Ryan.G@example.com,374,Bhavya Khatri,Bhavya.K@example.com,Business Management Group,Professional,08428579759
922,Aarnav Sabharwal,Aarnav.S@example.com,387,Ojas Ray,Ojas.R@example.com,People Group,Professional,+918010218894
923,Deepa Amble,Deepa.A@example.com,800,Priya Bains,Priya.B@example.com,Technology Strategy Group,Staff Engineer,00763665309
924,Faqid Peri,Faqid.P@example.com,146,Avni Pal,Avni.P@example.com,Technology Strategy Group,Senior Professional,03137465420
925,Triya Wagle,Triya.W@example.com,427,Aadi Bedi,Aadi.B@example.com,Opus Group,Intern,8239657838
926,Advika Uppal,Advika.U@example.com,404,Faras Hayre,Faras.H@example.com,Business Management Group,Intern,+913014038672
927,Radha Chahal,Radha.C@example.com,86,Faqid Cherian,Faqid.C@example.com,SWPL,Senior Professional,+911402338215
928,Wakeeta Goyal,Wakeeta.G@example.com,744,Nandini Bhavsar,Nandini.B@example.com,People Group,Intern,08831032908
929,Logan Bahl,Logan.B@example.com,35,Kamala Ahluwalia,Kamala.A@example.com,SWPL,Intern,0430163685
930,Januja Misra,Januja.M@example.com,558,Vamakshi Deo,Vamakshi.D@example.com,Application,Professional,7402734007
931,Aarna Ranganathan,Aarna.R@example.com,348,Dipta Kothari,Dipta.K@example.com,SWPL,Senior Professional,+917528633211
932,Ridhi Behl,Ridhi.B@example.com,384,Darika Bose,Darika.B@example.com,Cloud,Professional,05377725537
933,Watika Bora,Watika.B@example.com,78,Watika Tak,Watika.T@example.com,Visual Solution,Engineer,4747340822
934,Damini Dutta,Damini.D@example.com,574,Aarini Balakrishnan,Aarini.B@example.com,Cloud,Senior Professional,07019424877
935,Kiaan Kumar,Kiaan.K@example.com,759,Mason Chaudry,Mason.C@example.com,SQE,Engineer,09941181790
936,Advika Thakur,Advika.T@example.com,106,Simon Chopra,Simon.C@example.com,Technology Strategy Group,Engineer,1276603617
937,Chatura Batra,Chatura.B@example.com,496,Zinal Bandi,Zinal.B@example.com,Digital Health,Intern,+915390921918
938,Pahal Sibal,Pahal.S@example.com,365,Ranveer Sant,Ranveer.S@example.com,System,Engineer,5807263716
939,Ekbal Sathe,Ekbal.S@example.com,985,Maya Kunda,Maya.K@example.com,System,Intern,+919425703236
940,Theodore Tata,Theodore.T@example.com,404,Jagat Sawhney,Jagat.S@example.com,Framework,Senior Professional,07219478108
941,Zarna Pandey,Zarna.P@example.com,303,Guneet Sarraf,Guneet.S@example.com,Business Management Group,Professional,+910496399860
942,Manan Mane,Manan.M@example.com,836,Abdul Kara,Abdul.K@example.com,Technology Strategy Group,Staff Engineer,+917471244976
943,Shravya Grover,Shravya.G@example.com,127,Gabriel Bhatnagar,Gabriel.B@example.com,B2B,Senior Professional,00150616241
944,Onkar Dhingra,Onkar.D@example.com,34,Darsh Vora,Darsh.V@example.com,System,Staff Engineer,6820345212
945,Mahika Rai,Mahika.R@example.com,395,Wakeeta Mishra,Wakeeta.M@example.com,System,Intern,5389070559
946,Hemani Buch,Hemani.B@example.com,169,Wahab Dar,Wahab.D@example.com,CP,Staff Engineer,+910019802840
947,Abha Tailor,Abha.T@example.com,232,Tanvi Mander,Tanvi.M@example.com,Artificial Intelligence,Professional,00728561592
948,Darika Chauhan,Darika.C@example.com,954,Shivansh Sachar,Shivansh.S@example.com,Opus Group,Professional,7682556913
949,Zayyan Dhingra,Zayyan.D@example.com,682,Anjali Kalita,Anjali.K@example.com,Visual Solution,Senior Professional,+916675047500
950,Nidra Ghosh,Nidra.G@example.com,6,Henry Sankaran,Henry.S@example.com,Visual Solution,Intern,0281141218
951,Ekapad Sachar,Ekapad.S@example.com,106,Harrison Sahni,Harrison.S@example.com,Digital Health,Senior Professional,+918122937810
952,Baljiwan Dhawan,Baljiwan.D@example.com,273,Gabriel Varughese,Gabriel.V@example.com,People Group,Staff Engineer,+911384281930
953,Upma Batra,Upma.B@example.com,674,Meera Sami,Meera.S@example.com,SQE,Intern,+910848795827
954,Naveen Chandra,Naveen.C@example.com,946,Ranbir Rao,Ranbir.R@example.com,SQE,Engineer,7720513764
955,Nidra Varkey,Nidra.V@example.com,703,Yashodhara Varma,Yashodhara.V@example.com,B2B,Senior Professional,06417717220
956,Unnati Dugar,Unnati.D@example.com,911,Dipta Bhakta,Dipta.B@example.com,Software Engineering,Professional,+914681873711
957,Tejas Magar,Tejas.M@example.com,55,Ubika Wason,Ubika.W@example.com,Artificial Intelligence,Senior Professional,9034489869
958,Watika Sant,Watika.S@example.com,634,Arjun Karpe,Arjun.K@example.com,Opus Group,Engineer,+915645575971
959,Yoshita Arora,Yoshita.A@example.com,618,Onkar Nagar,Onkar.N@example.com,Artificial Intelligence,Senior Professional,+918456034024
960,Ekaja Vyas,Ekaja.V@example.com,159,Harrison Bajaj,Harrison.B@example.com,Digital Health,Staff Engineer,+911944609281
961,Fitan Uppal,Fitan.U@example.com,223,Lohit Sagar,Lohit.S@example.com,Application,Staff Engineer,08284559233
962,Vrinda Dara,Vrinda.D@example.com,998,Darika Bail,Darika.B@example.com,Visual Solution,Intern,+916334168405
963,Aditya Bora,Aditya.B@example.com,521,Ojasvi Bhatia,Ojasvi.B@example.com,CP,Engineer,07922074629
964,Gaurika Naik,Gaurika.N@example.com,487,Jagrati Srivastava,Jagrati.S@example.com,System,Staff Engineer,06859673282
965,Amol Sengupta,Amol.S@example.com,514,Balendra Dugar,Balendra.D@example.com,SQE,Senior Professional,08632444296
966,Christopher Ganesh,Christopher.G@example.com,866,Elijah Patla,Elijah.P@example.com,SWPL,Staff Engineer,5238071851
967,Yug Andra,Yug.A@example.com,744,Yashica Mohanty,Yashica.M@example.com,System,Staff Engineer,07679239341
968,Agastya Nadig,Agastya.N@example.com,297,Tara Bains,Tara.B@example.com,SQE,Professional,03661597330
969,Anusha Mukherjee,Anusha.M@example.com,513,Teerth Dutta,Teerth.D@example.com,Opus Group,Senior Professional,4661486412
970,Zilmil Bali,Zilmil.B@example.com,392,Eta Sant,Eta.S@example.com,System,Staff Engineer,5394964607
971,Nitesh Iyer,Nitesh.I@example.com,933,Aayush Baral,Aayush.B@example.com,People Group,Engineer,+919953043494
972,Isaac Kapur,Isaac.K@example.com,718,Sai Atwal,Sai.A@example.com,Artificial Intelligence,Professional,8979619240
973,Janaki Batra,Janaki.B@example.com,957,Aarini Grover,Aarini.G@example.com,Opus Group,Professional,05541148296
974,Michael Dash,Michael.D@example.com,225,Wahab Roy,Wahab.R@example.com,Artificial Intelligence,Engineer,05531137755
975,Ekanta Pai,Ekanta.P@example.com,383,Daksha Anne,Daksha.A@example.com,Technology Strategy Group,Senior Professional,5344348863
976,Edhitha Kapur,Edhitha.K@example.com,748,Omaja Shenoy,Omaja.S@example.com,Technology Strategy Group,Professional,06341053429
977,Yachana Saha,Yachana.S@example.com,387,Madhav Mahal,Madhav.M@example.com,People Group,Senior Professional,08604262024
978,Elijah Viswanathan,Elijah.V@example.com,180,Yug Kothari,Yug.K@example.com,B2B,Senior Professional,01461375686
979,Darika Edwin,Darika.E@example.com,657,Saksham Ratta,Saksham.R@example.com,Visual Solution,Engineer,01747481125
980,Patrick Karan,Patrick.K@example.com,151,Gaurangi Ram,Gaurangi.R@example.com,Opus Group,Professional,+914713231652
981,Upma Nagi,Upma.N@example.com,17,Ucchal Ghose,Ucchal.G@example.com,Cloud,Professional,+916621725777
982,Rayaan Palla,Rayaan.P@example.com,76,Wriddhish Banik,Wriddhish.B@example.com,Digital Health,Staff Engineer,4351764076
983,Liam Krishna,Liam.K@example.com,135,Damini Bail,Damini.B@example.com,Cloud,Professional,9776293617
984,Chanakya Iyer,Chanakya.I@example.com,574,Shivani Venkatesh,Shivani.V@example.com,System,Senior Professional,9339164145
985,Lopa Prasad,Lopa.P@example.com,479,Xalak Varkey,Xalak.V@example.com,Digital Health,Senior Professional,03263800461
986,Atharv Chand,Atharv.C@example.com,269,Aditya Gokhale,Aditya.G@example.com,SQE,Senior Professional,+912818175143
987,Balvan Lanka,Balvan.L@example.com,809,Ria Reddy,Ria.R@example.com,Business Management Group,Engineer,6404844143
988,Ekavir Chaudhary,Ekavir.C@example.com,841,Praneel Mandal,Praneel.M@example.com,SQE,Professional,01593840009
989,Devansh More,Devansh.M@example.com,463,Kala Mittal,Kala.M@example.com,Visual Solution,Senior Professional,+912602727970
990,Abdul Mammen,Abdul.M@example.com,615,Gautami Rama,Gautami.R@example.com,Opus Group,Intern,03734289328
991,Vedant Bhalla,Vedant.B@example.com,695,Saumya Mital,Saumya.M@example.com,Opus Group,Staff Engineer,04055543098
992,Madhavi Bala,Madhavi.B@example.com,731,Zayan Dey,Zayan.D@example.com,System,Staff Engineer,+919124236931
993,Reyansh Khosla,Reyansh.K@example.com,700,Viraj Buch,Viraj.B@example.com,Framework,Intern,+915113446725
994,Azaan Varma,Azaan.V@example.com,36,Vihaan Krishnan,Vihaan.K@example.com,Digital Health,Professional,06197067339
995,Rudra Bal,Rudra.B@example.com,345,Idika Hans,Idika.H@example.com,SWPL,Senior Professional,03805430914
996,Akshay Hans,Akshay.H@example.com,319,Jack Ramakrishnan,Jack.R@example.com,System,Professional,0072789324
997,Samaksh Wagle,Samaksh.W@example.com,671,Kavya Khurana,Kavya.K@example.com,System,Engineer,+910129905628
998,Hitesh Sunder,Hitesh.S@example.com,40,Ayush Walia,Ayush.W@example.com,People Group,Engineer,9740081087
999,Nidra Anne,Nidra.A@example.com,315,Yutika Vig,Yutika.V@example.com,Cloud,Staff Engineer,9091086442
1000,Rehaan Issac,Rehaan.I@example.com,129,Kritika Mistry,Kritika.M@example.com,Business Management Group,Staff Engineer,06961118608
